cap_fraction_of_carbon_first,carbon_kgco2e,carbon_change_pct_vs_status_quo,high_stress_direct_water_l,screened_direct_water_avoided_l_vs_carbon_first,additional_carbon_kgco2e_vs_carbon_first,additional_carbon_pct_vs_carbon_first,migration_share,assigned_east_accelerator_hours,assigned_north_accelerator_hours,assigned_northwest_accelerator_hours,assigned_southwest_accelerator_hours,max_abs_demand_balance_error,max_capacity_violation,max_migration_violation,ineligible_latency_assignment,service_gap_vs_status_quo_unserved,high_stress_water_cap_violation_l
0.0,33.33603585351142,-13.083310813418723,0.0,2.4250446709410443,0.0582254091812473,0.1749676688574508,0.3000000000283089,148.36305553555553,0.0,0.0,63.5841666666667,4.440892098500626e-16,0.0,0.0,0.0,1e-08,0.0
0.05,33.32746161520569,-13.105666333106347,0.1212522335470522,2.303792437393992,0.0496511708755207,0.1492020364698643,0.3000000000283089,148.36305553555553,0.1255833333333333,0.2669708333333333,63.191612500000026,4.440892098500626e-16,0.0,0.0,0.0,1e-08,0.0
0.1,33.32194909107148,-13.12003907823154,0.2425044670941044,2.18254020384694,0.0441386467413096,0.1326368716930703,0.3000000000283089,148.36305553555553,0.256,0.5291083333333334,62.79905833333336,4.440892098500626e-16,0.0,0.0,0.0,1e-08,2.775557561562892e-17
0.15,33.31659079671595,-13.134009701706884,0.3637567006411567,2.061287970299888,0.0387803523857783,0.1165351682336668,0.3000000000283089,148.36305553555553,0.256,0.9216625,62.40650416666669,4.440892098500626e-16,0.0,0.0,0.0,1e-08,1.1102230246251563e-16
0.2,33.31137946714106,-13.147597145483946,0.485008934188209,1.9400357367528351,0.0335690228108873,0.1008750947333103,0.3000000000283089,148.36305553555553,0.5165500000000005,1.0536666666666663,62.01395000000002,4.440892098500626e-16,0.0,0.0,0.0,1e-08,1.1102230246251563e-16
0.25,33.306284764597585,-13.160880508851292,0.6062611677352611,1.818783503205783,0.0284743202674135,0.0855654860918431,0.3000000000283089,148.36305553555553,0.9091041666666666,1.0536666666666663,61.62139583333336,4.440892098500626e-16,0.0,0.0,0.0,1e-08,0.0
0.3,33.301583303737054,-13.173138577391097,0.7275134012823131,1.697531269658731,0.0237728594068826,0.071437570830124,0.3000000000283089,148.36305553555553,0.9704166666666668,1.3849083333333327,61.22884166666669,4.440892098500626e-16,0.0,0.0,0.0,1e-08,0.0
0.35,33.2969546315173,-13.185206864887512,0.8487656348293653,1.576279036111679,0.0191441871871305,0.0575283858268216,0.3000000000283089,148.36305553555553,0.9704166666666668,1.777462499999999,60.836287500000026,4.440892098500626e-16,0.0,0.0,0.0,1e-08,0.0
0.4,33.292976114196975,-13.19558001047908,0.9700178683764178,1.4550268025646265,0.0151656698668034,0.0455729198054477,0.3000000000283089,148.36305553555553,1.3070833333333334,1.83335,60.44373333333336,4.440892098500626e-16,0.0,0.0,0.0,1e-08,0.0
0.45,33.28983586672663,-13.20376754407031,1.0912701019234698,1.3337745690175744,0.012025422396455,0.0361364592077695,0.3000000000283089,148.36305553555553,1.6847374999999998,1.84825,60.051179166666685,4.440892098500626e-16,0.0,0.0,0.0,1e-08,0.0
0.5,33.28748239762519,-13.209903718848215,1.212522335470522,1.212522335470522,0.0096719532950189,0.0290642718552724,0.3000000000283089,148.36305553555553,2.003625,1.9219166666666665,59.65862500000002,4.440892098500626e-16,0.0,0.0,0.0,1e-08,0.0
0.55,33.285323816569345,-13.215531764112487,1.3337745690175746,1.0912701019234696,0.007513372239174,0.022577724131656,0.3000000000283089,148.36305553555553,2.3961791666666667,1.9219166666666665,59.26607083333335,4.440892098500626e-16,0.0,0.0,0.0,1e-08,2.220446049250313e-16
0.6,33.283515932253096,-13.22024544152426,1.4550268025646265,0.9700178683764178,0.0057054879229241,0.0171450220033841,0.3000000000283089,148.36305553555553,2.678399999999999,2.03225,58.87351666666669,4.440892098500626e-16,0.0,0.0,0.0,1e-08,0.0
0.65,33.281999931412585,-13.224198094276383,1.5762790361116783,0.848765634829366,0.0041894870824137,0.0125894312951402,0.3000000000283089,148.36305553555553,2.892416666666666,2.2107874999999986,58.480962500000025,4.440892098500626e-16,0.0,0.0,0.0,1e-08,0.0
0.7,33.28061238411391,-13.22781583148488,1.69753126965873,0.7275134012823141,0.0028019397837368,0.0084198441734129,0.3000000000283089,148.36305553555553,2.892416666666666,2.6033416666666644,58.08840833333336,4.440892098500626e-16,0.0,0.0,0.0,1e-08,0.0
0.75,33.27959372982531,-13.230471757899764,1.8187835032057824,0.6062611677352618,0.0017832854951365,0.0053587825380452,0.3000000000283089,148.36305553555553,3.0441666666666665,2.844145833333332,57.695854166666685,4.440892098500626e-16,0.0,0.0,0.0,1e-08,0.0
0.8,33.27909185101515,-13.231780301145369,1.940035736752835,0.4850089341882093,0.0012814066849813,0.0038506340046762,0.3000000000283089,148.36305553555553,3.0441666666666665,3.236699999999999,57.303300000000014,4.440892098500626e-16,0.0,0.0,0.0,1e-08,0.0
0.85,33.27859606104072,-13.233072969034843,2.0612879702998868,0.3637567006411575,0.0007856167105444,0.0023607824555016,0.3000000000283089,148.36305553555553,3.0775041666666647,3.595916666666667,56.91074583333335,4.440892098500626e-16,0.0,0.0,0.0,1e-08,0.0
0.9,33.27821576775261,-13.234064503651222,2.1825402038469397,0.242504467094105,0.0004053234224414,0.0012179990721339,0.3000000000283089,148.36305553555553,3.459058333333332,3.6069166666666663,56.51819166666668,4.440892098500626e-16,0.0,0.0,0.0,1e-08,0.0
0.95,33.27800543390336,-13.23461290484329,2.303792437393992,0.1212522335470525,0.0001949895731883,0.0005859447198774,0.3000000000283089,148.36305553555553,3.8265,3.6320291666666646,56.12563750000001,4.440892098500626e-16,0.0,0.0,0.0,1e-08,0.0
1.0,33.27781044433017,-13.23512129906874,2.4250446709410443,0.0,0.0,0.0,0.3000000000283089,148.36305553555553,3.8531666666666657,3.997916666666667,55.73308333333334,4.440892098500626e-16,0.0,0.0,0.0,1e-08,0.0
