panel,record_type,row_order,column_order,carbon_mapping,capacity_scenario,migration_limit_pct,max_latency_ms,raw_carbon_change_pct,service_rate_difference_pp,matched_carbon_change_pct,raw_positive,external_mapping,estimate_pct,interval_low_pct,interval_high_pct,replicates,block_hours,seed,days_total,negative_e1_carbon_days,negative_e2_carbon_days,positive_e1_exposure_days,segment,share_pct,condition,migration_share_pct,allocation_l1_accelerator_hours,evidence_id
"a,b",sensitivity,2,0,conservative_site_selection,tight,15,15,-3.38387831955141,1.35420243509258,-4.83319526314286,False,,,,,,,,,,,,,,,,,T3C01
"a,b",sensitivity,2,1,conservative_site_selection,tight,15,20,-4.25335510050662,1.35420243509258,-5.70267204409808,False,,,,,,,,,,,,,,,,,T3C01
"a,b",sensitivity,2,2,conservative_site_selection,tight,15,35,-4.25335510050662,1.35420243509258,-5.70267204409808,False,,,,,,,,,,,,,,,,,T3C01
"a,b",sensitivity,2,3,conservative_site_selection,tight,30,15,-7.73522580060969,1.77009475629413,-9.62770919131458,False,,,,,,,,,,,,,,,,,T3C01
"a,b",sensitivity,2,4,conservative_site_selection,tight,30,20,-9.47417936252009,1.77009475629413,-11.366662753225,False,,,,,,,,,,,,,,,,,T3C01
"a,b",sensitivity,2,5,conservative_site_selection,tight,30,35,-9.47417936252009,1.77009475629413,-11.366662753225,False,,,,,,,,,,,,,,,,,T3C01
"a,b",sensitivity,2,6,conservative_site_selection,tight,50,15,-14.0698476126448,1.77009475629413,-15.9612373738321,False,,,,,,,,,,,,,,,,,T3C01
"a,b",sensitivity,2,7,conservative_site_selection,tight,50,20,-16.9805848857071,1.77009475629413,-18.8719746468945,False,,,,,,,,,,,,,,,,,T3C01
"a,b",sensitivity,2,8,conservative_site_selection,tight,50,35,-16.9805848857071,1.77009475629413,-18.8719746468945,False,,,,,,,,,,,,,,,,,T3C01
"a,b",sensitivity,1,0,conservative_site_selection,central,15,15,-4.69050442456493,0,-4.69050442958242,False,,,,,,,,,,,,,,,,,T3C01
"a,b",sensitivity,1,1,conservative_site_selection,central,15,20,-5.54447181789529,0,-5.54447182291276,False,,,,,,,,,,,,,,,,,T3C01
"a,b",sensitivity,1,2,conservative_site_selection,central,15,35,-5.54447181789529,0,-5.54447182291276,False,,,,,,,,,,,,,,,,,T3C01
"a,b",sensitivity,1,3,conservative_site_selection,central,30,15,-9.38100884912991,0,-9.38100885414739,False,,,,,,,,,,,,,,,,,T3C01
"a,b",sensitivity,1,4,conservative_site_selection,central,30,20,-11.0889436357906,0,-11.0889436408081,False,,,,,,,,,,,,,,,,,T3C01
"a,b",sensitivity,1,5,conservative_site_selection,central,30,35,-11.0889436357906,0,-11.0889436408081,False,,,,,,,,,,,,,,,,,T3C01
"a,b",sensitivity,1,6,conservative_site_selection,central,50,15,-15.6350147485498,0,-15.6350147535673,False,,,,,,,,,,,,,,,,,T3C01
"a,b",sensitivity,1,7,conservative_site_selection,central,50,20,-18.4815727263177,0,-18.4815727313351,False,,,,,,,,,,,,,,,,,T3C01
"a,b",sensitivity,1,8,conservative_site_selection,central,50,35,-18.4815727263177,0,-18.4815727313351,False,,,,,,,,,,,,,,,,,T3C01
"a,b",sensitivity,0,0,conservative_site_selection,ample,15,15,-4.69050442456493,0,-4.69050442958242,False,,,,,,,,,,,,,,,,,T3C01
"a,b",sensitivity,0,1,conservative_site_selection,ample,15,20,-5.54447181789529,0,-5.54447182291276,False,,,,,,,,,,,,,,,,,T3C01
"a,b",sensitivity,0,2,conservative_site_selection,ample,15,35,-5.54447181789529,0,-5.54447182291276,False,,,,,,,,,,,,,,,,,T3C01
"a,b",sensitivity,0,3,conservative_site_selection,ample,30,15,-9.38100884912991,0,-9.38100885414739,False,,,,,,,,,,,,,,,,,T3C01
"a,b",sensitivity,0,4,conservative_site_selection,ample,30,20,-11.0889436357906,0,-11.0889436408081,False,,,,,,,,,,,,,,,,,T3C01
"a,b",sensitivity,0,5,conservative_site_selection,ample,30,35,-11.0889436357906,0,-11.0889436408081,False,,,,,,,,,,,,,,,,,T3C01
"a,b",sensitivity,0,6,conservative_site_selection,ample,50,15,-15.6350147485498,0,-15.6350147535673,False,,,,,,,,,,,,,,,,,T3C01
"a,b",sensitivity,0,7,conservative_site_selection,ample,50,20,-18.4815727263177,0,-18.4815727313351,False,,,,,,,,,,,,,,,,,T3C01
"a,b",sensitivity,0,8,conservative_site_selection,ample,50,35,-18.4815727263177,0,-18.4815727313351,False,,,,,,,,,,,,,,,,,T3C01
"a,b",sensitivity,5,0,equal_site_portfolio,tight,15,15,-0.347507929739121,1.35420243509259,-1.95738518875492,False,,,,,,,,,,,,,,,,,T3C01
"a,b",sensitivity,5,1,equal_site_portfolio,tight,15,20,-5.2931708195681,1.35420243509259,-6.82685534134789,False,,,,,,,,,,,,,,,,,T3C01
"a,b",sensitivity,5,2,equal_site_portfolio,tight,15,35,-5.2931708195681,1.35420243509259,-6.82685534134789,False,,,,,,,,,,,,,,,,,T3C01
"a,b",sensitivity,5,3,equal_site_portfolio,tight,30,15,-1.76686724276576,1.77009475629416,-3.87498891111063,False,,,,,,,,,,,,,,,,,T3C01
"a,b",sensitivity,5,4,equal_site_portfolio,tight,30,20,-11.5878661581968,1.77009475629414,-13.5840920409336,False,,,,,,,,,,,,,,,,,T3C01
"a,b",sensitivity,5,5,equal_site_portfolio,tight,30,35,-11.5878661581968,1.77009475629414,-13.5840920409336,False,,,,,,,,,,,,,,,,,T3C01
"a,b",sensitivity,5,6,equal_site_portfolio,tight,50,15,-4.3126386401232,1.77009475629416,-6.42051433137486,False,,,,,,,,,,,,,,,,,T3C01
"a,b",sensitivity,5,7,equal_site_portfolio,tight,50,20,-20.4732253299437,1.77009475629414,-22.4645152306269,False,,,,,,,,,,,,,,,,,T3C01
"a,b",sensitivity,5,8,equal_site_portfolio,tight,50,35,-20.4732253299437,1.77009475629414,-22.4645152306269,False,,,,,,,,,,,,,,,,,T3C01
"a,b",sensitivity,4,0,equal_site_portfolio,central,15,15,-1.87525569020545,0,-1.87525569555627,False,,,,,,,,,,,,,,,,,T3C01
"a,b",sensitivity,4,1,equal_site_portfolio,central,15,20,-6.61756064685898,0,-6.61756065220978,False,,,,,,,,,,,,,,,,,T3C01
"a,b",sensitivity,4,2,equal_site_portfolio,central,15,35,-6.61756064685898,0,-6.61756065220978,False,,,,,,,,,,,,,,,,,T3C01
"a,b",sensitivity,4,3,equal_site_portfolio,central,30,15,-3.7505113804109,0,-3.75051138576171,False,,,,,,,,,,,,,,,,,T3C01
"a,b",sensitivity,4,4,equal_site_portfolio,central,30,20,-13.2351212937179,0,-13.2351212990687,False,,,,,,,,,,,,,,,,,T3C01
"a,b",sensitivity,4,5,equal_site_portfolio,central,30,35,-13.2351212937179,0,-13.2351212990687,False,,,,,,,,,,,,,,,,,T3C01
"a,b",sensitivity,4,6,equal_site_portfolio,central,50,15,-6.25085230068486,0,-6.25085230603566,False,,,,,,,,,,,,,,,,,T3C01
"a,b",sensitivity,4,7,equal_site_portfolio,central,50,20,-22.0585354895299,0,-22.0585354948807,False,,,,,,,,,,,,,,,,,T3C01
"a,b",sensitivity,4,8,equal_site_portfolio,central,50,35,-22.0585354895299,0,-22.0585354948807,False,,,,,,,,,,,,,,,,,T3C01
"a,b",sensitivity,3,0,equal_site_portfolio,ample,15,15,-1.87525569020545,0,-1.87525569555627,False,,,,,,,,,,,,,,,,,T3C01
"a,b",sensitivity,3,1,equal_site_portfolio,ample,15,20,-6.61756064685898,0,-6.61756065220978,False,,,,,,,,,,,,,,,,,T3C01
"a,b",sensitivity,3,2,equal_site_portfolio,ample,15,35,-6.61756064685898,0,-6.61756065220978,False,,,,,,,,,,,,,,,,,T3C01
"a,b",sensitivity,3,3,equal_site_portfolio,ample,30,15,-3.7505113804109,0,-3.75051138576171,False,,,,,,,,,,,,,,,,,T3C01
"a,b",sensitivity,3,4,equal_site_portfolio,ample,30,20,-13.2351212937179,0,-13.2351212990687,False,,,,,,,,,,,,,,,,,T3C01
"a,b",sensitivity,3,5,equal_site_portfolio,ample,30,35,-13.2351212937179,0,-13.2351212990687,False,,,,,,,,,,,,,,,,,T3C01
"a,b",sensitivity,3,6,equal_site_portfolio,ample,50,15,-6.25085230068486,0,-6.25085230603566,False,,,,,,,,,,,,,,,,,T3C01
"a,b",sensitivity,3,7,equal_site_portfolio,ample,50,20,-22.0585354895299,0,-22.0585354948807,False,,,,,,,,,,,,,,,,,T3C01
"a,b",sensitivity,3,8,equal_site_portfolio,ample,50,35,-22.0585354895299,0,-22.0585354948807,False,,,,,,,,,,,,,,,,,T3C01
"a,b",sensitivity,8,0,optimistic_site_selection,tight,15,15,1.80234017429974,1.35420243509259,-0.395848392859543,True,,,,,,,,,,,,,,,,,T3C01
"a,b",sensitivity,8,1,optimistic_site_selection,tight,15,20,-12.8923116749261,1.35420243509259,-14.6626873694486,False,,,,,,,,,,,,,,,,,T3C01
"a,b",sensitivity,8,2,optimistic_site_selection,tight,15,35,-12.8923116749261,1.35420243509259,-14.6626873694486,False,,,,,,,,,,,,,,,,,T3C01
"a,b",sensitivity,8,3,optimistic_site_selection,tight,30,15,2.10411222996532,1.77009475629416,-0.791055123417406,True,,,,,,,,,,,,,,,,,T3C01
"a,b",sensitivity,8,4,optimistic_site_selection,tight,30,20,-26.7997101083549,1.77009475629414,-29.1036562697848,False,,,,,,,,,,,,,,,,,T3C01
"a,b",sensitivity,8,5,optimistic_site_selection,tight,30,35,-26.7997101083549,1.77009475629414,-29.1036562697848,False,,,,,,,,,,,,,,,,,T3C01
"a,b",sensitivity,8,6,optimistic_site_selection,tight,50,15,1.57716875159819,1.77009475629416,-1.31799743082791,True,,,,,,,,,,,,,,,,,T3C01
"a,b",sensitivity,8,7,optimistic_site_selection,tight,50,20,-45.7832631809606,1.77009475629414,-48.0796897744959,False,,,,,,,,,,,,,,,,,T3C01
"a,b",sensitivity,8,8,optimistic_site_selection,tight,50,35,-45.7832631809606,1.77009475629414,-48.0796897744959,False,,,,,,,,,,,,,,,,,T3C01
"a,b",sensitivity,7,0,optimistic_site_selection,central,15,15,-0.387670611906088,0,-0.387670618269043,False,,,,,,,,,,,,,,,,,T3C01
"a,b",sensitivity,7,1,optimistic_site_selection,central,15,20,-14.0978557296375,0,-14.0978557360005,False,,,,,,,,,,,,,,,,,T3C01
"a,b",sensitivity,7,2,optimistic_site_selection,central,15,35,-14.0978557296375,0,-14.0978557360005,False,,,,,,,,,,,,,,,,,T3C01
"a,b",sensitivity,7,3,optimistic_site_selection,central,30,15,-0.775341223812154,0,-0.775341230175131,False,,,,,,,,,,,,,,,,,T3C01
"a,b",sensitivity,7,4,optimistic_site_selection,central,30,20,-28.195711459275,0,-28.195711465638,False,,,,,,,,,,,,,,,,,T3C01
"a,b",sensitivity,7,5,optimistic_site_selection,central,30,35,-28.195711459275,0,-28.195711465638,False,,,,,,,,,,,,,,,,,T3C01
"a,b",sensitivity,7,6,optimistic_site_selection,central,50,15,-1.29223537302023,0,-1.2922353793832,False,,,,,,,,,,,,,,,,,T3C01
"a,b",sensitivity,7,7,optimistic_site_selection,central,50,20,-46.992852432125,0,-46.992852438488,False,,,,,,,,,,,,,,,,,T3C01
"a,b",sensitivity,7,8,optimistic_site_selection,central,50,35,-46.992852432125,0,-46.992852438488,False,,,,,,,,,,,,,,,,,T3C01
"a,b",sensitivity,6,0,optimistic_site_selection,ample,15,15,-0.387670611906088,0,-0.387670618269043,False,,,,,,,,,,,,,,,,,T3C01
"a,b",sensitivity,6,1,optimistic_site_selection,ample,15,20,-14.0978557296375,0,-14.0978557360005,False,,,,,,,,,,,,,,,,,T3C01
"a,b",sensitivity,6,2,optimistic_site_selection,ample,15,35,-14.0978557296375,0,-14.0978557360005,False,,,,,,,,,,,,,,,,,T3C01
"a,b",sensitivity,6,3,optimistic_site_selection,ample,30,15,-0.775341223812154,0,-0.775341230175131,False,,,,,,,,,,,,,,,,,T3C01
"a,b",sensitivity,6,4,optimistic_site_selection,ample,30,20,-28.195711459275,0,-28.195711465638,False,,,,,,,,,,,,,,,,,T3C01
"a,b",sensitivity,6,5,optimistic_site_selection,ample,30,35,-28.195711459275,0,-28.195711465638,False,,,,,,,,,,,,,,,,,T3C01
"a,b",sensitivity,6,6,optimistic_site_selection,ample,50,15,-1.29223537302023,0,-1.2922353793832,False,,,,,,,,,,,,,,,,,T3C01
"a,b",sensitivity,6,7,optimistic_site_selection,ample,50,20,-46.992852432125,0,-46.992852438488,False,,,,,,,,,,,,,,,,,T3C01
"a,b",sensitivity,6,8,optimistic_site_selection,ample,50,35,-46.992852432125,0,-46.992852438488,False,,,,,,,,,,,,,,,,,T3C01
c,external_interval,0,,,,,,,,,,frozen_global_upper,-15.0510782487235,-15.9363617237948,-14.2106775012079,4000,24,20260720,,,,,,,,,,T3C05
c,external_interval,1,,,,,,,,,,triangulated_linear,-14.9971759321995,-15.883914043811,-14.1597461199871,4000,24,20260720,,,,,,,,,,T3C05
c,external_interval,2,,,,,,,,,,local_simplex_upper,-15.0409662195815,-15.9300770880062,-14.207990272728,4000,24,20260720,,,,,,,,,,T3C05
d,daily_direction,0,,,,,,,,,,frozen_global_upper,,,,,,,7,7,7,4,,,,,,T3C05
d,daily_direction,1,,,,,,,,,,triangulated_linear,,,,,,,7,7,7,4,,,,,,T3C05
d,daily_direction,2,,,,,,,,,,local_simplex_upper,,,,,,,7,7,7,4,,,,,,T3C05
e,external_service_origin,0,,,,,,,,,,,,,,,,,,,,,Boundary fallback,97.1708175604489,,,,T1R03;T3C06
e,external_service_origin,1,,,,,,,,,,,,,,,,,,,,,In-grid interpolation,2.82918243955114,,,,T1R03;T3C06
f,carbon_reversal,0,,,,,,,,,,,,,,,,,,,,,,,Original carbon field,30.0000000014155,111.466166666667,T3C07
f,carbon_reversal,1,,,,,,,,,,,,,,,,,,,,,,,Reversed carbon field,4.70183877035591,111.466166666667,T3C07
