relative_path,bytes,sha256
.gitignore,104,a9f8c49cd2b13782bca8e2527b5641602d381d8426a8bc1b2d7b52fb2fad75b5
.zenodo.json,1975,a7b8910a5000b073a996974674c5e2ded094eda7e76a529f5f4230287b7fda43
01_data_processed/capacity_scenarios.csv,559962,cb4764a0eb443dc372adc26dc200a4004ddbb28b3eb17c61ad5083a85db9eaa2
01_data_processed/energy_calibration_bounds.csv,685,5eec0834766e39621151b18c12ab2d23be4753bff7098a0b4a0c6f654c2e43af
01_data_processed/gentd26_aligned_regional_hourly_cef.csv,2082538,e05a302747f75ec53dfd90ef888cd95dfeda2cdbd220ccd7ad0b9c285a023bfd
01_data_processed/gentd26_hourly_all_positive_execution_demand.csv,31003,65eb10774fbb1701bae491d6499420859ef3c09253f366bd359d9160fd4ffd40
01_data_processed/gentd26_hourly_service_demand.csv,26762,123094679a2e925f26c34b0ba7711ebd863fe47180b1e93778956700e7c62dd0
01_data_processed/regional_pue_latency_scenarios.csv,1997,1818f78302f06ada71951ceecb1b55bebf503cecbfdb91f4d343f6ac626d6551
01_data_processed/regional_water_risk_screening.csv,1229,c57291fb6bc5942a40bb5c0f03850ba690508629cb7d5073672033f37b4593d4
01_data_processed/wue_profiles.csv,21962,051b188deebd1f4f7f35aa0adc7488999e9df4a7123c16f7dbceac094505dcca
02_code/build_ema_figure_source_data.py,8818,d63f3d49603a647136103a996c9744746471eb5aea9f4855d582169c57df88e2
02_code/cws_lexicographic_model.py,16608,8563cb1cd9486d3b279de1ddcd9376f14fd3518580e3fc7b6229a435dc2e8fe9
02_code/generate_ema_figures.py,24901,aefa1e166b27a6d89299adbd330c6cc3422f2a35d1acd2ed8f4373c2905f2d2b
02_code/qa_ema_figure_exports.py,5660,e345166ca72f5f5b0b2773003198a23422a258ea3e86148578c674bd5a122d7b
02_code/run_ema_environmental_frontier.py,19563,cc4449771f4456140007fffd0b36fb00568868acdeb09c35a69357787be9ac16
02_code/run_ema_reference_block_resampling.py,5358,2bbc35f6c7d0d70a142e048c79af4a39c52d58a07ce9edf12eee85ce6569bff4
02_code/run_stage1_reconstruction_experiments.py,21784,f1ca98b00dd0fc5aea2a56fdcdab3f330c965150561419d9d31dda09c16e7c9a
02_code/verify_ema_environmental_frontier.py,10759,46af23c17fe854a6e5fbbb9a3dd6e5da55f8f3a165667071915e4317fcf4875d
03_results/ema_energy_scaling_frontier_v1.csv,14914,093f35113ff2490c329fb3c1a54a1e5108392997d46042a73a1bf5fd26382b80
03_results/ema_reference_block_intervals_summary_v1.json,242,70c2460b486ce66248c300dab8b8e0a92600a5cdb406725d4be69f0e0c38e68f
03_results/ema_reference_block_intervals_v1.csv,7429,759ebbf337717f4a5b07adbbffb2f90a27b2a6f90dc35e851b302279d918be0e
03_results/ema_reference_dispatch_v1.csv,7855308,fc623ea59f6e1014af7e02e504d010045bb888d50f5518df87e66c7863b57101
03_results/ema_reference_frontier_segments_v1.csv,2195,c5a61356459eae77911dbd51db47a122ec33a50ccdad5c594078b5a0e2a30e04
03_results/ema_reference_frontier_v1.csv,20759,9c3bce7719138fec10476d21299955ab52a7b3f657f82caf50c08e0c3ff86a82
03_results/ema_reference_summary_v1.json,121,8397072d34dc92633440660b1b06c1bec4b20872506717151c0bb662b9884733
03_results/ema_scenario_frontier_hub_policy_compliant_summary_v1.json,176,b4bc43884741882b9b72f3ccbafd7820b807269ad05f62e8ab87864ff1fd9cc1
03_results/ema_scenario_frontier_hub_policy_compliant_v1.csv,348691,d5bfa7d50b5a2e9d7b5b42714050304e902f32017173834d9d1039f884e2e753
03_results/ema_scenario_frontier_legacy_stress_summary_v1.json,168,46f679f6ec2a45c326aff78befe8f1e1b7b3ab9c1003c736de1c72a073bae83b
03_results/ema_scenario_frontier_legacy_stress_v1.csv,345688,607c7aa0ad651409ce59c9355f7289d252ec3f295cec420791a99f7f2949a92b
03_results/ema_scenario_frontier_segments_v1.csv,168555,2c5df51a0c775db39bfc44b7ac1354a18d726ff426e3d785fe1956e763f2d891
03_results/ema_scenario_frontier_summary_v1.json,225,6f860f0d0866ef4bf6f7f95647d1e3bdc8de0d16e3ea9afe5798114054d4e6dc
03_results/ema_scenario_frontier_uniform_new_build_summary_v1.json,173,ccb3acdcce9e17f579f072280d8c79e624b0f001bf62ea1b5e9109de79a657ef
03_results/ema_scenario_frontier_uniform_new_build_v1.csv,346681,9d6ab90d5f996b4510d848a10e4e379452982b905f63ab878a1567a1d8a11fea
03_results/ema_scenario_frontier_v1.csv,1032333,1f0ebce00bd9499baf527116bdb20004f72eda063e3645fa7b13f91db48f13af
03_results/ema_spatial_wue_frontier_summary_v1.json,94,a1323e5f9f69d2c4364b373a56f7b5ce3b12947fdd73475463792e8efb5cb4a0
03_results/ema_spatial_wue_frontier_v1.csv,362113,5817ee8624345769e315728019fd753e1c16443e3addfe84a691c980a386de51
03_tests/test_cws_reconstruction.py,10445,59a6100e6df928b4fd71883e2c972041cac0bbb8c51ee60ed8399a5b704cc736
03_tests/test_ema_environmental_frontier.py,1924,294836aa1eddd07a49ced8449311cda4f7f9b9989cb68625d164dac4a73f2890
06_qa/ema_environmental_frontier_qa_v1.csv,1632,03a643095e267dc5d284f09d14fbd6be6d8aae60290971ff9749aa50d789bd09
06_qa/ema_environmental_frontier_qa_v1.json,2759,bb2cab4ae999a4ecb828b83eb531fd4311849abe966e26d5c0a4fae9dcf80a27
06_qa/ema_figure_export_qa_v1.json,5072,841ceb4983e76fc83ae8d960f20c55981d1ced1ccefa649e7c5dec2a88bbfe33
06_qa/ema_figure_visual_qa_v1.md,3478,29b79ce0215f748c176cc2978ed3a4a1e408e9da6dfe6a2c1a867eb81fac7558
ARCHIVE_STATUS.md,399,b4b80453739ca4f65aa2d94a054e56064935919cafaf8a96441ddfbe6dd396fd
CITATION.cff,1012,7149895bcebff595a935344d2b5d4f4f66def8e02e51bf6c0499d0489046019b
DATA_LICENSE.md,694,372862c1598844ccf50d830434f1e937a4a5e1727a3329a319bbd9e05c34ee31
docs/DATA_SOURCES.md,1069,8a552058995e3e20dfcb4a515120f0a00f2d8f4a21a09e9da6a50620f2ba258f
docs/DERIVED_DATA.md,489,71dc2a80fca6aae73879c9628470194afeaa538b166f1110550563a575467022
docs/EMA_SCIENTIFIC_CONTRACT.md,9408,47327a94729a286f1b1b47535a8e3645882785fe0dbe31f98f094b1e43a92b54
docs/REPRODUCIBILITY.md,476,8af2583cc27a6abce0ed08acc2f0abd031f514e371cb0b9674847c8d58046e92
docs/SCIENTIFIC_BOUNDARY.md,443,5b92431be3185f4ffd156509ecc2f54ef51d3b90c9dff64bd1a53ff36a443612
figures/01_figure_contract_v1.md,6637,69c68c75fc8d61a5ae0177f7f40fd633d8cc6da951b4926bb9feac83d507e8bf
figures/02_figure_legends_v1.md,3955,d7bc4f10165b36af46569d2f2aa3d41614c9834ae3c3ae3a435c39561049a667
figures/exports/fig01_environmental_decision_model_v1.pdf,49587,4b9a5700eb4abd27c3cd77c7727af8957d4e07957de45065c1e16e2978b76459
figures/exports/fig01_environmental_decision_model_v1.png,168926,81693eeebd13861bed1099f737f923d6bb02ac277547b86b02fbd97952348f61
figures/exports/fig01_environmental_decision_model_v1.svg,19663,f6f653b81f7664721e4ea8ac1d1e1b1528224c4af1bb1730bab853d6afeb95b1
figures/exports/fig01_environmental_decision_model_v1.tiff,1060772,1e59d4c6abe3a322f60fb31a5839e1dee31aefe850c3a7f7f25345212774c076
figures/exports/fig02_reference_screened_water_frontier_v1.pdf,54692,2ec289e18bc21c14f74972cfb58e78931209d3e012a6ece82c9af4b6d1d6ca8f
figures/exports/fig02_reference_screened_water_frontier_v1.png,216624,a1b34c9523fb62aa5ca81fb5878b7d56801145377df03217716ae5813c03e6e7
figures/exports/fig02_reference_screened_water_frontier_v1.svg,54584,f232771612437c134f891d2ac8ce31a4dfa333bd36d73d9a435265fa1ad2787d
figures/exports/fig02_reference_screened_water_frontier_v1.tiff,1031820,b207232291f09fb8d66068659291afce93797f1a0ba00ab61e693ed5d473e084
figures/exports/fig03_scenario_envelope_v1.pdf,65859,442fba8228f60f5275ddd0ef01449a979ebf02c5b2d0b6b8fb246dc0a98fe9bf
figures/exports/fig03_scenario_envelope_v1.png,225093,52242f56bf1e9b37e398bd798311d7a7348dae2420022eb57eae95905202fd77
figures/exports/fig03_scenario_envelope_v1.svg,93880,5538a0b869a60f7a55c706603efd6d5e0134cb436503189fd7ec2bd3cffd535b
figures/exports/fig03_scenario_envelope_v1.tiff,1107786,b04d2d4c4445f85ad2070a0680ad8578dfee5886f3afaa70b6e86079b27e83ac
figures/exports/fig04_wue_and_energy_boundaries_v1.pdf,61716,6ab75a85016930ec0eeca6dd0d280ff9ec5478353bd4151ae0451f6517f6b1dd
figures/exports/fig04_wue_and_energy_boundaries_v1.png,239167,e2e92289d50a7c6c206ee28bb80dfa08c12f3907b5d9295fd3e514d774857077
figures/exports/fig04_wue_and_energy_boundaries_v1.svg,69933,3c85cd7a7ed008475bc8f663f8d72bdc3456a91252642403194c080c4f5982a7
figures/exports/fig04_wue_and_energy_boundaries_v1.tiff,966102,22582d2a4e43ab22b510416b2f4c0fe4c161c8a8893238ddc3f87d02e09902cc
figures/figure_export_manifest_v1.json,6996,2919f9e16beb7d170a68d2d6e7b9c54ff9da86d78035e39de35ce21c608710cf
figures/source_data/fig01_model_definition_source_v1.csv,566,f8dfef4933efa6449190d66fb5c07f1f8d555345cedcbb2b249c28084a167b96
figures/source_data/fig02_reference_block_intervals_source_v1.csv,7334,3cd2b9a981ba40f10cd03cf386f68725d3ab0449bf5eceb3669c3538b9f9fb26
figures/source_data/fig02_reference_frontier_source_v1.csv,5835,b445e95b270f7c28298174f73bf5628d7c66f42017a5052498126947a55bde35
figures/source_data/fig02_reference_segment_source_v1.csv,2089,52c7c0ae8ddece59860382a70165ab57cd88dcb422d50487751bf857fb7aedfd
figures/source_data/fig02_selected_allocations_source_v1.csv,503,0a3cbd36f91beddd6b961ac654809f137a3d90f7a6bde39f8fe8aa8d07772b66
figures/source_data/fig03_scenario_cap_summary_source_v1.csv,1991,5eb8d0fb35f5ec9dfdd1e05d754873998a53cab5e418fff0d71bd582d2c03982
figures/source_data/fig03_scenario_segment_source_v1.csv,167199,693005ba22b283cad4b6219000f5a3d65274579ad9e2ca03ce81b4bc8eb6aeb4
figures/source_data/fig03_solver_qa_source_v1.csv,1632,03a643095e267dc5d284f09d14fbd6be6d8aae60290971ff9749aa50d789bd09
figures/source_data/fig03_zero_cap_pue_summary_source_v1.csv,602,5f2534161a9ae6a1dd4c7c66888f31d33045c1d7e11986cf9356e136c2375433
figures/source_data/fig03_zero_cap_scenarios_source_v1.csv,194346,1f4210930e7e2929e1f065146dcebe4c02b65bdf5c917c614e327051d848f08c
figures/source_data/fig04_energy_scaling_source_v1.csv,14811,d9c77bfa6a1c5693311a860c83226ef6d51513baaeb2b2ca3c744b200db5ca06
figures/source_data/fig04_spatial_wue_cap_summary_source_v1.csv,1405,5fa77c834f5b7c006d93a603981e326dcdab268aceb4ba9881c5f55da75ca61b
figures/source_data/fig04_spatial_wue_frontier_source_v1.csv,359220,3395ed0c3d327002ed7c5aa0d744a2cca5d44b92bfeec3523a03c54394a969e4
figures/source_data/fig04_wue_profile_attributes_source_v1.csv,4181,496caf843e4a3d13f506ea9e8a4faff7e2febcf3247fd4047ba5db20f911952c
figures/source_data/figure_source_data_manifest_v1.csv,2248,3e5d0938f1b6fb0b757efd43075fa4e2d01651766b0a6e4548d5be4de609c4b1
LICENSE,812,2ad55eabae03f9495c728287fb5a045c7f4ca4dc444521925598d9a8f7a380c4
README.md,2602,13dcecd48a6bd0ae4a4f8a2d5350f8636b818344c9f961a14964f4984daccba5
requirements.txt,49,b2bf308940225f0186e62e4e9fc7f340636890cd145ff45c9a51740cd21681d8
run_all.py,1818,98b4c2d606701f24ffc801108803021c295e3774d4b8994e02c162dc77024c0e
VERSION,8,3adf3849e754ca7ec491be065dccb1c14e8fdcf790ee7427f4b3cce25f19f7b0
