capacity_scenario,hour_index,region,capacity_accelerator_hours,capacity_status
external_nonbinding,0,east,94.07906427111534,constructed nonbinding capacity for fixed-service external confirmation
external_nonbinding,0,north,94.07906427111534,constructed nonbinding capacity for fixed-service external confirmation
external_nonbinding,0,northwest,94.07906427111534,constructed nonbinding capacity for fixed-service external confirmation
external_nonbinding,0,southwest,94.07906427111534,constructed nonbinding capacity for fixed-service external confirmation
external_nonbinding,1,east,89.70520504716752,constructed nonbinding capacity for fixed-service external confirmation
external_nonbinding,1,north,89.70520504716752,constructed nonbinding capacity for fixed-service external confirmation
external_nonbinding,1,northwest,89.70520504716752,constructed nonbinding capacity for fixed-service external confirmation
external_nonbinding,1,southwest,89.70520504716752,constructed nonbinding capacity for fixed-service external confirmation
external_nonbinding,2,east,82.02777113817193,constructed nonbinding capacity for fixed-service external confirmation
external_nonbinding,2,north,82.02777113817193,constructed nonbinding capacity for fixed-service external confirmation
external_nonbinding,2,northwest,82.02777113817193,constructed nonbinding capacity for fixed-service external confirmation
external_nonbinding,2,southwest,82.02777113817193,constructed nonbinding capacity for fixed-service external confirmation
external_nonbinding,3,east,69.67874410441657,constructed nonbinding capacity for fixed-service external confirmation
external_nonbinding,3,north,69.67874410441657,constructed nonbinding capacity for fixed-service external confirmation
external_nonbinding,3,northwest,69.67874410441657,constructed nonbinding capacity for fixed-service external confirmation
external_nonbinding,3,southwest,69.67874410441657,constructed nonbinding capacity for fixed-service external confirmation
external_nonbinding,4,east,56.73377362550579,constructed nonbinding capacity for fixed-service external confirmation
external_nonbinding,4,north,56.73377362550579,constructed nonbinding capacity for fixed-service external confirmation
external_nonbinding,4,northwest,56.73377362550579,constructed nonbinding capacity for fixed-service external confirmation
external_nonbinding,4,southwest,56.73377362550579,constructed nonbinding capacity for fixed-service external confirmation
external_nonbinding,5,east,47.2065059797484,constructed nonbinding capacity for fixed-service external confirmation
external_nonbinding,5,north,47.2065059797484,constructed nonbinding capacity for fixed-service external confirmation
external_nonbinding,5,northwest,47.2065059797484,constructed nonbinding capacity for fixed-service external confirmation
external_nonbinding,5,southwest,47.2065059797484,constructed nonbinding capacity for fixed-service external confirmation
external_nonbinding,6,east,40.659764604561204,constructed nonbinding capacity for fixed-service external confirmation
external_nonbinding,6,north,40.659764604561204,constructed nonbinding capacity for fixed-service external confirmation
external_nonbinding,6,northwest,40.659764604561204,constructed nonbinding capacity for fixed-service external confirmation
external_nonbinding,6,southwest,40.659764604561204,constructed nonbinding capacity for fixed-service external confirmation
external_nonbinding,7,east,35.674949944034914,constructed nonbinding capacity for fixed-service external confirmation
external_nonbinding,7,north,35.674949944034914,constructed nonbinding capacity for fixed-service external confirmation
external_nonbinding,7,northwest,35.674949944034914,constructed nonbinding capacity for fixed-service external confirmation
external_nonbinding,7,southwest,35.674949944034914,constructed nonbinding capacity for fixed-service external confirmation
external_nonbinding,8,east,30.601869255076515,constructed nonbinding capacity for fixed-service external confirmation
external_nonbinding,8,north,30.601869255076515,constructed nonbinding capacity for fixed-service external confirmation
external_nonbinding,8,northwest,30.601869255076515,constructed nonbinding capacity for fixed-service external confirmation
external_nonbinding,8,southwest,30.601869255076515,constructed nonbinding capacity for fixed-service external confirmation
external_nonbinding,9,east,36.187000030818396,constructed nonbinding capacity for fixed-service external confirmation
external_nonbinding,9,north,36.187000030818396,constructed nonbinding capacity for fixed-service external confirmation
external_nonbinding,9,northwest,36.187000030818396,constructed nonbinding capacity for fixed-service external confirmation
external_nonbinding,9,southwest,36.187000030818396,constructed nonbinding capacity for fixed-service external confirmation
external_nonbinding,10,east,37.11325437547786,constructed nonbinding capacity for fixed-service external confirmation
external_nonbinding,10,north,37.11325437547786,constructed nonbinding capacity for fixed-service external confirmation
external_nonbinding,10,northwest,37.11325437547786,constructed nonbinding capacity for fixed-service external confirmation
external_nonbinding,10,southwest,37.11325437547786,constructed nonbinding capacity for fixed-service external confirmation
external_nonbinding,11,east,47.77397979728351,constructed nonbinding capacity for fixed-service external confirmation
external_nonbinding,11,north,47.77397979728351,constructed nonbinding capacity for fixed-service external confirmation
external_nonbinding,11,northwest,47.77397979728351,constructed nonbinding capacity for fixed-service external confirmation
external_nonbinding,11,southwest,47.77397979728351,constructed nonbinding capacity for fixed-service external confirmation
external_nonbinding,12,east,80.05971961261943,constructed nonbinding capacity for fixed-service external confirmation
external_nonbinding,12,north,80.05971961261943,constructed nonbinding capacity for fixed-service external confirmation
external_nonbinding,12,northwest,80.05971961261943,constructed nonbinding capacity for fixed-service external confirmation
external_nonbinding,12,southwest,80.05971961261943,constructed nonbinding capacity for fixed-service external confirmation
external_nonbinding,13,east,132.7569165952394,constructed nonbinding capacity for fixed-service external confirmation
external_nonbinding,13,north,132.7569165952394,constructed nonbinding capacity for fixed-service external confirmation
external_nonbinding,13,northwest,132.7569165952394,constructed nonbinding capacity for fixed-service external confirmation
external_nonbinding,13,southwest,132.7569165952394,constructed nonbinding capacity for fixed-service external confirmation
external_nonbinding,14,east,200.0434211280246,constructed nonbinding capacity for fixed-service external confirmation
external_nonbinding,14,north,200.0434211280246,constructed nonbinding capacity for fixed-service external confirmation
external_nonbinding,14,northwest,200.0434211280246,constructed nonbinding capacity for fixed-service external confirmation
external_nonbinding,14,southwest,200.0434211280246,constructed nonbinding capacity for fixed-service external confirmation
external_nonbinding,15,east,227.14166535496838,constructed nonbinding capacity for fixed-service external confirmation
external_nonbinding,15,north,227.14166535496838,constructed nonbinding capacity for fixed-service external confirmation
external_nonbinding,15,northwest,227.14166535496838,constructed nonbinding capacity for fixed-service external confirmation
external_nonbinding,15,southwest,227.14166535496838,constructed nonbinding capacity for fixed-service external confirmation
external_nonbinding,16,east,207.1376038597695,constructed nonbinding capacity for fixed-service external confirmation
external_nonbinding,16,north,207.1376038597695,constructed nonbinding capacity for fixed-service external confirmation
external_nonbinding,16,northwest,207.1376038597695,constructed nonbinding capacity for fixed-service external confirmation
external_nonbinding,16,southwest,207.1376038597695,constructed nonbinding capacity for fixed-service external confirmation
external_nonbinding,17,east,229.2068302834387,constructed nonbinding capacity for fixed-service external confirmation
external_nonbinding,17,north,229.2068302834387,constructed nonbinding capacity for fixed-service external confirmation
external_nonbinding,17,northwest,229.2068302834387,constructed nonbinding capacity for fixed-service external confirmation
external_nonbinding,17,southwest,229.2068302834387,constructed nonbinding capacity for fixed-service external confirmation
external_nonbinding,18,east,238.035588319593,constructed nonbinding capacity for fixed-service external confirmation
external_nonbinding,18,north,238.035588319593,constructed nonbinding capacity for fixed-service external confirmation
external_nonbinding,18,northwest,238.035588319593,constructed nonbinding capacity for fixed-service external confirmation
external_nonbinding,18,southwest,238.035588319593,constructed nonbinding capacity for fixed-service external confirmation
external_nonbinding,19,east,248.04294459608437,constructed nonbinding capacity for fixed-service external confirmation
external_nonbinding,19,north,248.04294459608437,constructed nonbinding capacity for fixed-service external confirmation
external_nonbinding,19,northwest,248.04294459608437,constructed nonbinding capacity for fixed-service external confirmation
external_nonbinding,19,southwest,248.04294459608437,constructed nonbinding capacity for fixed-service external confirmation
external_nonbinding,20,east,238.41626461786214,constructed nonbinding capacity for fixed-service external confirmation
external_nonbinding,20,north,238.41626461786214,constructed nonbinding capacity for fixed-service external confirmation
external_nonbinding,20,northwest,238.41626461786214,constructed nonbinding capacity for fixed-service external confirmation
external_nonbinding,20,southwest,238.41626461786214,constructed nonbinding capacity for fixed-service external confirmation
external_nonbinding,21,east,177.41272020817672,constructed nonbinding capacity for fixed-service external confirmation
external_nonbinding,21,north,177.41272020817672,constructed nonbinding capacity for fixed-service external confirmation
external_nonbinding,21,northwest,177.41272020817672,constructed nonbinding capacity for fixed-service external confirmation
external_nonbinding,21,southwest,177.41272020817672,constructed nonbinding capacity for fixed-service external confirmation
external_nonbinding,22,east,134.34369383578002,constructed nonbinding capacity for fixed-service external confirmation
external_nonbinding,22,north,134.34369383578002,constructed nonbinding capacity for fixed-service external confirmation
external_nonbinding,22,northwest,134.34369383578002,constructed nonbinding capacity for fixed-service external confirmation
external_nonbinding,22,southwest,134.34369383578002,constructed nonbinding capacity for fixed-service external confirmation
external_nonbinding,23,east,88.1725853819046,constructed nonbinding capacity for fixed-service external confirmation
external_nonbinding,23,north,88.1725853819046,constructed nonbinding capacity for fixed-service external confirmation
external_nonbinding,23,northwest,88.1725853819046,constructed nonbinding capacity for fixed-service external confirmation
external_nonbinding,23,southwest,88.1725853819046,constructed nonbinding capacity for fixed-service external confirmation
external_nonbinding,24,east,69.49283057047613,constructed nonbinding capacity for fixed-service external confirmation
external_nonbinding,24,north,69.49283057047613,constructed nonbinding capacity for fixed-service external confirmation
external_nonbinding,24,northwest,69.49283057047613,constructed nonbinding capacity for fixed-service external confirmation
external_nonbinding,24,southwest,69.49283057047613,constructed nonbinding capacity for fixed-service external confirmation
external_nonbinding,25,east,59.40807493191052,constructed nonbinding capacity for fixed-service external confirmation
external_nonbinding,25,north,59.40807493191052,constructed nonbinding capacity for fixed-service external confirmation
external_nonbinding,25,northwest,59.40807493191052,constructed nonbinding capacity for fixed-service external confirmation
external_nonbinding,25,southwest,59.40807493191052,constructed nonbinding capacity for fixed-service external confirmation
external_nonbinding,26,east,55.699838092837616,constructed nonbinding capacity for fixed-service external confirmation
external_nonbinding,26,north,55.699838092837616,constructed nonbinding capacity for fixed-service external confirmation
external_nonbinding,26,northwest,55.699838092837616,constructed nonbinding capacity for fixed-service external confirmation
external_nonbinding,26,southwest,55.699838092837616,constructed nonbinding capacity for fixed-service external confirmation
external_nonbinding,27,east,52.17841593496431,constructed nonbinding capacity for fixed-service external confirmation
external_nonbinding,27,north,52.17841593496431,constructed nonbinding capacity for fixed-service external confirmation
external_nonbinding,27,northwest,52.17841593496431,constructed nonbinding capacity for fixed-service external confirmation
external_nonbinding,27,southwest,52.17841593496431,constructed nonbinding capacity for fixed-service external confirmation
external_nonbinding,28,east,46.152871401974394,constructed nonbinding capacity for fixed-service external confirmation
external_nonbinding,28,north,46.152871401974394,constructed nonbinding capacity for fixed-service external confirmation
external_nonbinding,28,northwest,46.152871401974394,constructed nonbinding capacity for fixed-service external confirmation
external_nonbinding,28,southwest,46.152871401974394,constructed nonbinding capacity for fixed-service external confirmation
external_nonbinding,29,east,37.47747674392092,constructed nonbinding capacity for fixed-service external confirmation
external_nonbinding,29,north,37.47747674392092,constructed nonbinding capacity for fixed-service external confirmation
external_nonbinding,29,northwest,37.47747674392092,constructed nonbinding capacity for fixed-service external confirmation
external_nonbinding,29,southwest,37.47747674392092,constructed nonbinding capacity for fixed-service external confirmation
external_nonbinding,30,east,31.453564020090546,constructed nonbinding capacity for fixed-service external confirmation
external_nonbinding,30,north,31.453564020090546,constructed nonbinding capacity for fixed-service external confirmation
external_nonbinding,30,northwest,31.453564020090546,constructed nonbinding capacity for fixed-service external confirmation
external_nonbinding,30,southwest,31.453564020090546,constructed nonbinding capacity for fixed-service external confirmation
external_nonbinding,31,east,21.83232139943468,constructed nonbinding capacity for fixed-service external confirmation
external_nonbinding,31,north,21.83232139943468,constructed nonbinding capacity for fixed-service external confirmation
external_nonbinding,31,northwest,21.83232139943468,constructed nonbinding capacity for fixed-service external confirmation
external_nonbinding,31,southwest,21.83232139943468,constructed nonbinding capacity for fixed-service external confirmation
external_nonbinding,32,east,15.445211894581684,constructed nonbinding capacity for fixed-service external confirmation
external_nonbinding,32,north,15.445211894581684,constructed nonbinding capacity for fixed-service external confirmation
external_nonbinding,32,northwest,15.445211894581684,constructed nonbinding capacity for fixed-service external confirmation
external_nonbinding,32,southwest,15.445211894581684,constructed nonbinding capacity for fixed-service external confirmation
external_nonbinding,33,east,12.127632592753084,constructed nonbinding capacity for fixed-service external confirmation
external_nonbinding,33,north,12.127632592753084,constructed nonbinding capacity for fixed-service external confirmation
external_nonbinding,33,northwest,12.127632592753084,constructed nonbinding capacity for fixed-service external confirmation
external_nonbinding,33,southwest,12.127632592753084,constructed nonbinding capacity for fixed-service external confirmation
external_nonbinding,34,east,10.211345160635286,constructed nonbinding capacity for fixed-service external confirmation
external_nonbinding,34,north,10.211345160635286,constructed nonbinding capacity for fixed-service external confirmation
external_nonbinding,34,northwest,10.211345160635286,constructed nonbinding capacity for fixed-service external confirmation
external_nonbinding,34,southwest,10.211345160635286,constructed nonbinding capacity for fixed-service external confirmation
external_nonbinding,35,east,15.968642772665758,constructed nonbinding capacity for fixed-service external confirmation
external_nonbinding,35,north,15.968642772665758,constructed nonbinding capacity for fixed-service external confirmation
external_nonbinding,35,northwest,15.968642772665758,constructed nonbinding capacity for fixed-service external confirmation
external_nonbinding,35,southwest,15.968642772665758,constructed nonbinding capacity for fixed-service external confirmation
external_nonbinding,36,east,27.77606068055581,constructed nonbinding capacity for fixed-service external confirmation
external_nonbinding,36,north,27.77606068055581,constructed nonbinding capacity for fixed-service external confirmation
external_nonbinding,36,northwest,27.77606068055581,constructed nonbinding capacity for fixed-service external confirmation
external_nonbinding,36,southwest,27.77606068055581,constructed nonbinding capacity for fixed-service external confirmation
external_nonbinding,37,east,40.20177183285086,constructed nonbinding capacity for fixed-service external confirmation
external_nonbinding,37,north,40.20177183285086,constructed nonbinding capacity for fixed-service external confirmation
external_nonbinding,37,northwest,40.20177183285086,constructed nonbinding capacity for fixed-service external confirmation
external_nonbinding,37,southwest,40.20177183285086,constructed nonbinding capacity for fixed-service external confirmation
external_nonbinding,38,east,47.83154170097423,constructed nonbinding capacity for fixed-service external confirmation
external_nonbinding,38,north,47.83154170097423,constructed nonbinding capacity for fixed-service external confirmation
external_nonbinding,38,northwest,47.83154170097423,constructed nonbinding capacity for fixed-service external confirmation
external_nonbinding,38,southwest,47.83154170097423,constructed nonbinding capacity for fixed-service external confirmation
external_nonbinding,39,east,52.13625554612102,constructed nonbinding capacity for fixed-service external confirmation
external_nonbinding,39,north,52.13625554612102,constructed nonbinding capacity for fixed-service external confirmation
external_nonbinding,39,northwest,52.13625554612102,constructed nonbinding capacity for fixed-service external confirmation
external_nonbinding,39,southwest,52.13625554612102,constructed nonbinding capacity for fixed-service external confirmation
external_nonbinding,40,east,56.24226481142873,constructed nonbinding capacity for fixed-service external confirmation
external_nonbinding,40,north,56.24226481142873,constructed nonbinding capacity for fixed-service external confirmation
external_nonbinding,40,northwest,56.24226481142873,constructed nonbinding capacity for fixed-service external confirmation
external_nonbinding,40,southwest,56.24226481142873,constructed nonbinding capacity for fixed-service external confirmation
external_nonbinding,41,east,63.167257286279536,constructed nonbinding capacity for fixed-service external confirmation
external_nonbinding,41,north,63.167257286279536,constructed nonbinding capacity for fixed-service external confirmation
external_nonbinding,41,northwest,63.167257286279536,constructed nonbinding capacity for fixed-service external confirmation
external_nonbinding,41,southwest,63.167257286279536,constructed nonbinding capacity for fixed-service external confirmation
external_nonbinding,42,east,70.46279705070657,constructed nonbinding capacity for fixed-service external confirmation
external_nonbinding,42,north,70.46279705070657,constructed nonbinding capacity for fixed-service external confirmation
external_nonbinding,42,northwest,70.46279705070657,constructed nonbinding capacity for fixed-service external confirmation
external_nonbinding,42,southwest,70.46279705070657,constructed nonbinding capacity for fixed-service external confirmation
external_nonbinding,43,east,73.56400453311272,constructed nonbinding capacity for fixed-service external confirmation
external_nonbinding,43,north,73.56400453311272,constructed nonbinding capacity for fixed-service external confirmation
external_nonbinding,43,northwest,73.56400453311272,constructed nonbinding capacity for fixed-service external confirmation
external_nonbinding,43,southwest,73.56400453311272,constructed nonbinding capacity for fixed-service external confirmation
external_nonbinding,44,east,61.44492780694911,constructed nonbinding capacity for fixed-service external confirmation
external_nonbinding,44,north,61.44492780694911,constructed nonbinding capacity for fixed-service external confirmation
external_nonbinding,44,northwest,61.44492780694911,constructed nonbinding capacity for fixed-service external confirmation
external_nonbinding,44,southwest,61.44492780694911,constructed nonbinding capacity for fixed-service external confirmation
external_nonbinding,45,east,59.662766334876565,constructed nonbinding capacity for fixed-service external confirmation
external_nonbinding,45,north,59.662766334876565,constructed nonbinding capacity for fixed-service external confirmation
external_nonbinding,45,northwest,59.662766334876565,constructed nonbinding capacity for fixed-service external confirmation
external_nonbinding,45,southwest,59.662766334876565,constructed nonbinding capacity for fixed-service external confirmation
external_nonbinding,46,east,65.19912737821363,constructed nonbinding capacity for fixed-service external confirmation
external_nonbinding,46,north,65.19912737821363,constructed nonbinding capacity for fixed-service external confirmation
external_nonbinding,46,northwest,65.19912737821363,constructed nonbinding capacity for fixed-service external confirmation
external_nonbinding,46,southwest,65.19912737821363,constructed nonbinding capacity for fixed-service external confirmation
external_nonbinding,47,east,53.4399061269447,constructed nonbinding capacity for fixed-service external confirmation
external_nonbinding,47,north,53.4399061269447,constructed nonbinding capacity for fixed-service external confirmation
external_nonbinding,47,northwest,53.4399061269447,constructed nonbinding capacity for fixed-service external confirmation
external_nonbinding,47,southwest,53.4399061269447,constructed nonbinding capacity for fixed-service external confirmation
external_nonbinding,48,east,53.36251182732498,constructed nonbinding capacity for fixed-service external confirmation
external_nonbinding,48,north,53.36251182732498,constructed nonbinding capacity for fixed-service external confirmation
external_nonbinding,48,northwest,53.36251182732498,constructed nonbinding capacity for fixed-service external confirmation
external_nonbinding,48,southwest,53.36251182732498,constructed nonbinding capacity for fixed-service external confirmation
external_nonbinding,49,east,56.386095387655445,constructed nonbinding capacity for fixed-service external confirmation
external_nonbinding,49,north,56.386095387655445,constructed nonbinding capacity for fixed-service external confirmation
external_nonbinding,49,northwest,56.386095387655445,constructed nonbinding capacity for fixed-service external confirmation
external_nonbinding,49,southwest,56.386095387655445,constructed nonbinding capacity for fixed-service external confirmation
external_nonbinding,50,east,54.65047954006749,constructed nonbinding capacity for fixed-service external confirmation
external_nonbinding,50,north,54.65047954006749,constructed nonbinding capacity for fixed-service external confirmation
external_nonbinding,50,northwest,54.65047954006749,constructed nonbinding capacity for fixed-service external confirmation
external_nonbinding,50,southwest,54.65047954006749,constructed nonbinding capacity for fixed-service external confirmation
external_nonbinding,51,east,49.76974721661167,constructed nonbinding capacity for fixed-service external confirmation
external_nonbinding,51,north,49.76974721661167,constructed nonbinding capacity for fixed-service external confirmation
external_nonbinding,51,northwest,49.76974721661167,constructed nonbinding capacity for fixed-service external confirmation
external_nonbinding,51,southwest,49.76974721661167,constructed nonbinding capacity for fixed-service external confirmation
external_nonbinding,52,east,45.555014445044876,constructed nonbinding capacity for fixed-service external confirmation
external_nonbinding,52,north,45.555014445044876,constructed nonbinding capacity for fixed-service external confirmation
external_nonbinding,52,northwest,45.555014445044876,constructed nonbinding capacity for fixed-service external confirmation
external_nonbinding,52,southwest,45.555014445044876,constructed nonbinding capacity for fixed-service external confirmation
external_nonbinding,53,east,35.981091095938496,constructed nonbinding capacity for fixed-service external confirmation
external_nonbinding,53,north,35.981091095938496,constructed nonbinding capacity for fixed-service external confirmation
external_nonbinding,53,northwest,35.981091095938496,constructed nonbinding capacity for fixed-service external confirmation
external_nonbinding,53,southwest,35.981091095938496,constructed nonbinding capacity for fixed-service external confirmation
external_nonbinding,54,east,28.208642477890884,constructed nonbinding capacity for fixed-service external confirmation
external_nonbinding,54,north,28.208642477890884,constructed nonbinding capacity for fixed-service external confirmation
external_nonbinding,54,northwest,28.208642477890884,constructed nonbinding capacity for fixed-service external confirmation
external_nonbinding,54,southwest,28.208642477890884,constructed nonbinding capacity for fixed-service external confirmation
external_nonbinding,55,east,17.853074255885527,constructed nonbinding capacity for fixed-service external confirmation
external_nonbinding,55,north,17.853074255885527,constructed nonbinding capacity for fixed-service external confirmation
external_nonbinding,55,northwest,17.853074255885527,constructed nonbinding capacity for fixed-service external confirmation
external_nonbinding,55,southwest,17.853074255885527,constructed nonbinding capacity for fixed-service external confirmation
external_nonbinding,56,east,13.87600051896575,constructed nonbinding capacity for fixed-service external confirmation
external_nonbinding,56,north,13.87600051896575,constructed nonbinding capacity for fixed-service external confirmation
external_nonbinding,56,northwest,13.87600051896575,constructed nonbinding capacity for fixed-service external confirmation
external_nonbinding,56,southwest,13.87600051896575,constructed nonbinding capacity for fixed-service external confirmation
external_nonbinding,57,east,13.777100904921907,constructed nonbinding capacity for fixed-service external confirmation
external_nonbinding,57,north,13.777100904921907,constructed nonbinding capacity for fixed-service external confirmation
external_nonbinding,57,northwest,13.777100904921907,constructed nonbinding capacity for fixed-service external confirmation
external_nonbinding,57,southwest,13.777100904921907,constructed nonbinding capacity for fixed-service external confirmation
external_nonbinding,58,east,14.70299905761219,constructed nonbinding capacity for fixed-service external confirmation
external_nonbinding,58,north,14.70299905761219,constructed nonbinding capacity for fixed-service external confirmation
external_nonbinding,58,northwest,14.70299905761219,constructed nonbinding capacity for fixed-service external confirmation
external_nonbinding,58,southwest,14.70299905761219,constructed nonbinding capacity for fixed-service external confirmation
external_nonbinding,59,east,15.391919621801865,constructed nonbinding capacity for fixed-service external confirmation
external_nonbinding,59,north,15.391919621801865,constructed nonbinding capacity for fixed-service external confirmation
external_nonbinding,59,northwest,15.391919621801865,constructed nonbinding capacity for fixed-service external confirmation
external_nonbinding,59,southwest,15.391919621801865,constructed nonbinding capacity for fixed-service external confirmation
external_nonbinding,60,east,25.729576542223615,constructed nonbinding capacity for fixed-service external confirmation
external_nonbinding,60,north,25.729576542223615,constructed nonbinding capacity for fixed-service external confirmation
external_nonbinding,60,northwest,25.729576542223615,constructed nonbinding capacity for fixed-service external confirmation
external_nonbinding,60,southwest,25.729576542223615,constructed nonbinding capacity for fixed-service external confirmation
external_nonbinding,61,east,31.73494885537567,constructed nonbinding capacity for fixed-service external confirmation
external_nonbinding,61,north,31.73494885537567,constructed nonbinding capacity for fixed-service external confirmation
external_nonbinding,61,northwest,31.73494885537567,constructed nonbinding capacity for fixed-service external confirmation
external_nonbinding,61,southwest,31.73494885537567,constructed nonbinding capacity for fixed-service external confirmation
external_nonbinding,62,east,42.08620605170785,constructed nonbinding capacity for fixed-service external confirmation
external_nonbinding,62,north,42.08620605170785,constructed nonbinding capacity for fixed-service external confirmation
external_nonbinding,62,northwest,42.08620605170785,constructed nonbinding capacity for fixed-service external confirmation
external_nonbinding,62,southwest,42.08620605170785,constructed nonbinding capacity for fixed-service external confirmation
external_nonbinding,63,east,48.46047365761171,constructed nonbinding capacity for fixed-service external confirmation
external_nonbinding,63,north,48.46047365761171,constructed nonbinding capacity for fixed-service external confirmation
external_nonbinding,63,northwest,48.46047365761171,constructed nonbinding capacity for fixed-service external confirmation
external_nonbinding,63,southwest,48.46047365761171,constructed nonbinding capacity for fixed-service external confirmation
external_nonbinding,64,east,53.32327847301043,constructed nonbinding capacity for fixed-service external confirmation
external_nonbinding,64,north,53.32327847301043,constructed nonbinding capacity for fixed-service external confirmation
external_nonbinding,64,northwest,53.32327847301043,constructed nonbinding capacity for fixed-service external confirmation
external_nonbinding,64,southwest,53.32327847301043,constructed nonbinding capacity for fixed-service external confirmation
external_nonbinding,65,east,51.01123836800135,constructed nonbinding capacity for fixed-service external confirmation
external_nonbinding,65,north,51.01123836800135,constructed nonbinding capacity for fixed-service external confirmation
external_nonbinding,65,northwest,51.01123836800135,constructed nonbinding capacity for fixed-service external confirmation
external_nonbinding,65,southwest,51.01123836800135,constructed nonbinding capacity for fixed-service external confirmation
external_nonbinding,66,east,61.12587447385065,constructed nonbinding capacity for fixed-service external confirmation
external_nonbinding,66,north,61.12587447385065,constructed nonbinding capacity for fixed-service external confirmation
external_nonbinding,66,northwest,61.12587447385065,constructed nonbinding capacity for fixed-service external confirmation
external_nonbinding,66,southwest,61.12587447385065,constructed nonbinding capacity for fixed-service external confirmation
external_nonbinding,67,east,63.82486321689084,constructed nonbinding capacity for fixed-service external confirmation
external_nonbinding,67,north,63.82486321689084,constructed nonbinding capacity for fixed-service external confirmation
external_nonbinding,67,northwest,63.82486321689084,constructed nonbinding capacity for fixed-service external confirmation
external_nonbinding,67,southwest,63.82486321689084,constructed nonbinding capacity for fixed-service external confirmation
external_nonbinding,68,east,69.46731784676535,constructed nonbinding capacity for fixed-service external confirmation
external_nonbinding,68,north,69.46731784676535,constructed nonbinding capacity for fixed-service external confirmation
external_nonbinding,68,northwest,69.46731784676535,constructed nonbinding capacity for fixed-service external confirmation
external_nonbinding,68,southwest,69.46731784676535,constructed nonbinding capacity for fixed-service external confirmation
external_nonbinding,69,east,72.46762695181528,constructed nonbinding capacity for fixed-service external confirmation
external_nonbinding,69,north,72.46762695181528,constructed nonbinding capacity for fixed-service external confirmation
external_nonbinding,69,northwest,72.46762695181528,constructed nonbinding capacity for fixed-service external confirmation
external_nonbinding,69,southwest,72.46762695181528,constructed nonbinding capacity for fixed-service external confirmation
external_nonbinding,70,east,68.55089382140923,constructed nonbinding capacity for fixed-service external confirmation
external_nonbinding,70,north,68.55089382140923,constructed nonbinding capacity for fixed-service external confirmation
external_nonbinding,70,northwest,68.55089382140923,constructed nonbinding capacity for fixed-service external confirmation
external_nonbinding,70,southwest,68.55089382140923,constructed nonbinding capacity for fixed-service external confirmation
external_nonbinding,71,east,70.08227936376663,constructed nonbinding capacity for fixed-service external confirmation
external_nonbinding,71,north,70.08227936376663,constructed nonbinding capacity for fixed-service external confirmation
external_nonbinding,71,northwest,70.08227936376663,constructed nonbinding capacity for fixed-service external confirmation
external_nonbinding,71,southwest,70.08227936376663,constructed nonbinding capacity for fixed-service external confirmation
external_nonbinding,72,east,72.57192453443385,constructed nonbinding capacity for fixed-service external confirmation
external_nonbinding,72,north,72.57192453443385,constructed nonbinding capacity for fixed-service external confirmation
external_nonbinding,72,northwest,72.57192453443385,constructed nonbinding capacity for fixed-service external confirmation
external_nonbinding,72,southwest,72.57192453443385,constructed nonbinding capacity for fixed-service external confirmation
external_nonbinding,73,east,76.44408383304666,constructed nonbinding capacity for fixed-service external confirmation
external_nonbinding,73,north,76.44408383304666,constructed nonbinding capacity for fixed-service external confirmation
external_nonbinding,73,northwest,76.44408383304666,constructed nonbinding capacity for fixed-service external confirmation
external_nonbinding,73,southwest,76.44408383304666,constructed nonbinding capacity for fixed-service external confirmation
external_nonbinding,74,east,77.61678157397259,constructed nonbinding capacity for fixed-service external confirmation
external_nonbinding,74,north,77.61678157397259,constructed nonbinding capacity for fixed-service external confirmation
external_nonbinding,74,northwest,77.61678157397259,constructed nonbinding capacity for fixed-service external confirmation
external_nonbinding,74,southwest,77.61678157397259,constructed nonbinding capacity for fixed-service external confirmation
external_nonbinding,75,east,68.59295529619739,constructed nonbinding capacity for fixed-service external confirmation
external_nonbinding,75,north,68.59295529619739,constructed nonbinding capacity for fixed-service external confirmation
external_nonbinding,75,northwest,68.59295529619739,constructed nonbinding capacity for fixed-service external confirmation
external_nonbinding,75,southwest,68.59295529619739,constructed nonbinding capacity for fixed-service external confirmation
external_nonbinding,76,east,55.80483571868105,constructed nonbinding capacity for fixed-service external confirmation
external_nonbinding,76,north,55.80483571868105,constructed nonbinding capacity for fixed-service external confirmation
external_nonbinding,76,northwest,55.80483571868105,constructed nonbinding capacity for fixed-service external confirmation
external_nonbinding,76,southwest,55.80483571868105,constructed nonbinding capacity for fixed-service external confirmation
external_nonbinding,77,east,46.77628638099551,constructed nonbinding capacity for fixed-service external confirmation
external_nonbinding,77,north,46.77628638099551,constructed nonbinding capacity for fixed-service external confirmation
external_nonbinding,77,northwest,46.77628638099551,constructed nonbinding capacity for fixed-service external confirmation
external_nonbinding,77,southwest,46.77628638099551,constructed nonbinding capacity for fixed-service external confirmation
external_nonbinding,78,east,41.062039861923566,constructed nonbinding capacity for fixed-service external confirmation
external_nonbinding,78,north,41.062039861923566,constructed nonbinding capacity for fixed-service external confirmation
external_nonbinding,78,northwest,41.062039861923566,constructed nonbinding capacity for fixed-service external confirmation
external_nonbinding,78,southwest,41.062039861923566,constructed nonbinding capacity for fixed-service external confirmation
external_nonbinding,79,east,39.32898830381771,constructed nonbinding capacity for fixed-service external confirmation
external_nonbinding,79,north,39.32898830381771,constructed nonbinding capacity for fixed-service external confirmation
external_nonbinding,79,northwest,39.32898830381771,constructed nonbinding capacity for fixed-service external confirmation
external_nonbinding,79,southwest,39.32898830381771,constructed nonbinding capacity for fixed-service external confirmation
external_nonbinding,80,east,36.401753997967155,constructed nonbinding capacity for fixed-service external confirmation
external_nonbinding,80,north,36.401753997967155,constructed nonbinding capacity for fixed-service external confirmation
external_nonbinding,80,northwest,36.401753997967155,constructed nonbinding capacity for fixed-service external confirmation
external_nonbinding,80,southwest,36.401753997967155,constructed nonbinding capacity for fixed-service external confirmation
external_nonbinding,81,east,35.95807703481347,constructed nonbinding capacity for fixed-service external confirmation
external_nonbinding,81,north,35.95807703481347,constructed nonbinding capacity for fixed-service external confirmation
external_nonbinding,81,northwest,35.95807703481347,constructed nonbinding capacity for fixed-service external confirmation
external_nonbinding,81,southwest,35.95807703481347,constructed nonbinding capacity for fixed-service external confirmation
external_nonbinding,82,east,34.29412544337813,constructed nonbinding capacity for fixed-service external confirmation
external_nonbinding,82,north,34.29412544337813,constructed nonbinding capacity for fixed-service external confirmation
external_nonbinding,82,northwest,34.29412544337813,constructed nonbinding capacity for fixed-service external confirmation
external_nonbinding,82,southwest,34.29412544337813,constructed nonbinding capacity for fixed-service external confirmation
external_nonbinding,83,east,49.91446266757371,constructed nonbinding capacity for fixed-service external confirmation
external_nonbinding,83,north,49.91446266757371,constructed nonbinding capacity for fixed-service external confirmation
external_nonbinding,83,northwest,49.91446266757371,constructed nonbinding capacity for fixed-service external confirmation
external_nonbinding,83,southwest,49.91446266757371,constructed nonbinding capacity for fixed-service external confirmation
external_nonbinding,84,east,89.7269468880466,constructed nonbinding capacity for fixed-service external confirmation
external_nonbinding,84,north,89.7269468880466,constructed nonbinding capacity for fixed-service external confirmation
external_nonbinding,84,northwest,89.7269468880466,constructed nonbinding capacity for fixed-service external confirmation
external_nonbinding,84,southwest,89.7269468880466,constructed nonbinding capacity for fixed-service external confirmation
external_nonbinding,85,east,162.88796129724685,constructed nonbinding capacity for fixed-service external confirmation
external_nonbinding,85,north,162.88796129724685,constructed nonbinding capacity for fixed-service external confirmation
external_nonbinding,85,northwest,162.88796129724685,constructed nonbinding capacity for fixed-service external confirmation
external_nonbinding,85,southwest,162.88796129724685,constructed nonbinding capacity for fixed-service external confirmation
external_nonbinding,86,east,221.65603577061964,constructed nonbinding capacity for fixed-service external confirmation
external_nonbinding,86,north,221.65603577061964,constructed nonbinding capacity for fixed-service external confirmation
external_nonbinding,86,northwest,221.65603577061964,constructed nonbinding capacity for fixed-service external confirmation
external_nonbinding,86,southwest,221.65603577061964,constructed nonbinding capacity for fixed-service external confirmation
external_nonbinding,87,east,249.1021807649815,constructed nonbinding capacity for fixed-service external confirmation
external_nonbinding,87,north,249.1021807649815,constructed nonbinding capacity for fixed-service external confirmation
external_nonbinding,87,northwest,249.1021807649815,constructed nonbinding capacity for fixed-service external confirmation
external_nonbinding,87,southwest,249.1021807649815,constructed nonbinding capacity for fixed-service external confirmation
external_nonbinding,88,east,239.89201906417506,constructed nonbinding capacity for fixed-service external confirmation
external_nonbinding,88,north,239.89201906417506,constructed nonbinding capacity for fixed-service external confirmation
external_nonbinding,88,northwest,239.89201906417506,constructed nonbinding capacity for fixed-service external confirmation
external_nonbinding,88,southwest,239.89201906417506,constructed nonbinding capacity for fixed-service external confirmation
external_nonbinding,89,east,269.6123275221578,constructed nonbinding capacity for fixed-service external confirmation
external_nonbinding,89,north,269.6123275221578,constructed nonbinding capacity for fixed-service external confirmation
external_nonbinding,89,northwest,269.6123275221578,constructed nonbinding capacity for fixed-service external confirmation
external_nonbinding,89,southwest,269.6123275221578,constructed nonbinding capacity for fixed-service external confirmation
external_nonbinding,90,east,296.18300715171983,constructed nonbinding capacity for fixed-service external confirmation
external_nonbinding,90,north,296.18300715171983,constructed nonbinding capacity for fixed-service external confirmation
external_nonbinding,90,northwest,296.18300715171983,constructed nonbinding capacity for fixed-service external confirmation
external_nonbinding,90,southwest,296.18300715171983,constructed nonbinding capacity for fixed-service external confirmation
external_nonbinding,91,east,308.64048143774806,constructed nonbinding capacity for fixed-service external confirmation
external_nonbinding,91,north,308.64048143774806,constructed nonbinding capacity for fixed-service external confirmation
external_nonbinding,91,northwest,308.64048143774806,constructed nonbinding capacity for fixed-service external confirmation
external_nonbinding,91,southwest,308.64048143774806,constructed nonbinding capacity for fixed-service external confirmation
external_nonbinding,92,east,292.54082158322166,constructed nonbinding capacity for fixed-service external confirmation
external_nonbinding,92,north,292.54082158322166,constructed nonbinding capacity for fixed-service external confirmation
external_nonbinding,92,northwest,292.54082158322166,constructed nonbinding capacity for fixed-service external confirmation
external_nonbinding,92,southwest,292.54082158322166,constructed nonbinding capacity for fixed-service external confirmation
external_nonbinding,93,east,221.26595022166498,constructed nonbinding capacity for fixed-service external confirmation
external_nonbinding,93,north,221.26595022166498,constructed nonbinding capacity for fixed-service external confirmation
external_nonbinding,93,northwest,221.26595022166498,constructed nonbinding capacity for fixed-service external confirmation
external_nonbinding,93,southwest,221.26595022166498,constructed nonbinding capacity for fixed-service external confirmation
external_nonbinding,94,east,175.9243970707583,constructed nonbinding capacity for fixed-service external confirmation
external_nonbinding,94,north,175.9243970707583,constructed nonbinding capacity for fixed-service external confirmation
external_nonbinding,94,northwest,175.9243970707583,constructed nonbinding capacity for fixed-service external confirmation
external_nonbinding,94,southwest,175.9243970707583,constructed nonbinding capacity for fixed-service external confirmation
external_nonbinding,95,east,124.43007555133326,constructed nonbinding capacity for fixed-service external confirmation
external_nonbinding,95,north,124.43007555133326,constructed nonbinding capacity for fixed-service external confirmation
external_nonbinding,95,northwest,124.43007555133326,constructed nonbinding capacity for fixed-service external confirmation
external_nonbinding,95,southwest,124.43007555133326,constructed nonbinding capacity for fixed-service external confirmation
external_nonbinding,96,east,116.15128809138868,constructed nonbinding capacity for fixed-service external confirmation
external_nonbinding,96,north,116.15128809138868,constructed nonbinding capacity for fixed-service external confirmation
external_nonbinding,96,northwest,116.15128809138868,constructed nonbinding capacity for fixed-service external confirmation
external_nonbinding,96,southwest,116.15128809138868,constructed nonbinding capacity for fixed-service external confirmation
external_nonbinding,97,east,114.14666897535194,constructed nonbinding capacity for fixed-service external confirmation
external_nonbinding,97,north,114.14666897535194,constructed nonbinding capacity for fixed-service external confirmation
external_nonbinding,97,northwest,114.14666897535194,constructed nonbinding capacity for fixed-service external confirmation
external_nonbinding,97,southwest,114.14666897535194,constructed nonbinding capacity for fixed-service external confirmation
external_nonbinding,98,east,103.1126761075809,constructed nonbinding capacity for fixed-service external confirmation
external_nonbinding,98,north,103.1126761075809,constructed nonbinding capacity for fixed-service external confirmation
external_nonbinding,98,northwest,103.1126761075809,constructed nonbinding capacity for fixed-service external confirmation
external_nonbinding,98,southwest,103.1126761075809,constructed nonbinding capacity for fixed-service external confirmation
external_nonbinding,99,east,72.63203493625352,constructed nonbinding capacity for fixed-service external confirmation
external_nonbinding,99,north,72.63203493625352,constructed nonbinding capacity for fixed-service external confirmation
external_nonbinding,99,northwest,72.63203493625352,constructed nonbinding capacity for fixed-service external confirmation
external_nonbinding,99,southwest,72.63203493625352,constructed nonbinding capacity for fixed-service external confirmation
external_nonbinding,100,east,60.15430962702456,constructed nonbinding capacity for fixed-service external confirmation
external_nonbinding,100,north,60.15430962702456,constructed nonbinding capacity for fixed-service external confirmation
external_nonbinding,100,northwest,60.15430962702456,constructed nonbinding capacity for fixed-service external confirmation
external_nonbinding,100,southwest,60.15430962702456,constructed nonbinding capacity for fixed-service external confirmation
external_nonbinding,101,east,51.059508191437786,constructed nonbinding capacity for fixed-service external confirmation
external_nonbinding,101,north,51.059508191437786,constructed nonbinding capacity for fixed-service external confirmation
external_nonbinding,101,northwest,51.059508191437786,constructed nonbinding capacity for fixed-service external confirmation
external_nonbinding,101,southwest,51.059508191437786,constructed nonbinding capacity for fixed-service external confirmation
external_nonbinding,102,east,45.770477804344516,constructed nonbinding capacity for fixed-service external confirmation
external_nonbinding,102,north,45.770477804344516,constructed nonbinding capacity for fixed-service external confirmation
external_nonbinding,102,northwest,45.770477804344516,constructed nonbinding capacity for fixed-service external confirmation
external_nonbinding,102,southwest,45.770477804344516,constructed nonbinding capacity for fixed-service external confirmation
external_nonbinding,103,east,35.3340217669003,constructed nonbinding capacity for fixed-service external confirmation
external_nonbinding,103,north,35.3340217669003,constructed nonbinding capacity for fixed-service external confirmation
external_nonbinding,103,northwest,35.3340217669003,constructed nonbinding capacity for fixed-service external confirmation
external_nonbinding,103,southwest,35.3340217669003,constructed nonbinding capacity for fixed-service external confirmation
external_nonbinding,104,east,32.697312011012414,constructed nonbinding capacity for fixed-service external confirmation
external_nonbinding,104,north,32.697312011012414,constructed nonbinding capacity for fixed-service external confirmation
external_nonbinding,104,northwest,32.697312011012414,constructed nonbinding capacity for fixed-service external confirmation
external_nonbinding,104,southwest,32.697312011012414,constructed nonbinding capacity for fixed-service external confirmation
external_nonbinding,105,east,39.924269078267436,constructed nonbinding capacity for fixed-service external confirmation
external_nonbinding,105,north,39.924269078267436,constructed nonbinding capacity for fixed-service external confirmation
external_nonbinding,105,northwest,39.924269078267436,constructed nonbinding capacity for fixed-service external confirmation
external_nonbinding,105,southwest,39.924269078267436,constructed nonbinding capacity for fixed-service external confirmation
external_nonbinding,106,east,41.81591421251909,constructed nonbinding capacity for fixed-service external confirmation
external_nonbinding,106,north,41.81591421251909,constructed nonbinding capacity for fixed-service external confirmation
external_nonbinding,106,northwest,41.81591421251909,constructed nonbinding capacity for fixed-service external confirmation
external_nonbinding,106,southwest,41.81591421251909,constructed nonbinding capacity for fixed-service external confirmation
external_nonbinding,107,east,56.37221920765946,constructed nonbinding capacity for fixed-service external confirmation
external_nonbinding,107,north,56.37221920765946,constructed nonbinding capacity for fixed-service external confirmation
external_nonbinding,107,northwest,56.37221920765946,constructed nonbinding capacity for fixed-service external confirmation
external_nonbinding,107,southwest,56.37221920765946,constructed nonbinding capacity for fixed-service external confirmation
external_nonbinding,108,east,108.23337350995445,constructed nonbinding capacity for fixed-service external confirmation
external_nonbinding,108,north,108.23337350995445,constructed nonbinding capacity for fixed-service external confirmation
external_nonbinding,108,northwest,108.23337350995445,constructed nonbinding capacity for fixed-service external confirmation
external_nonbinding,108,southwest,108.23337350995445,constructed nonbinding capacity for fixed-service external confirmation
external_nonbinding,109,east,189.88859796274434,constructed nonbinding capacity for fixed-service external confirmation
external_nonbinding,109,north,189.88859796274434,constructed nonbinding capacity for fixed-service external confirmation
external_nonbinding,109,northwest,189.88859796274434,constructed nonbinding capacity for fixed-service external confirmation
external_nonbinding,109,southwest,189.88859796274434,constructed nonbinding capacity for fixed-service external confirmation
external_nonbinding,110,east,264.2352140461907,constructed nonbinding capacity for fixed-service external confirmation
external_nonbinding,110,north,264.2352140461907,constructed nonbinding capacity for fixed-service external confirmation
external_nonbinding,110,northwest,264.2352140461907,constructed nonbinding capacity for fixed-service external confirmation
external_nonbinding,110,southwest,264.2352140461907,constructed nonbinding capacity for fixed-service external confirmation
external_nonbinding,111,east,271.6421658969366,constructed nonbinding capacity for fixed-service external confirmation
external_nonbinding,111,north,271.6421658969366,constructed nonbinding capacity for fixed-service external confirmation
external_nonbinding,111,northwest,271.6421658969366,constructed nonbinding capacity for fixed-service external confirmation
external_nonbinding,111,southwest,271.6421658969366,constructed nonbinding capacity for fixed-service external confirmation
external_nonbinding,112,east,245.2781790475324,constructed nonbinding capacity for fixed-service external confirmation
external_nonbinding,112,north,245.2781790475324,constructed nonbinding capacity for fixed-service external confirmation
external_nonbinding,112,northwest,245.2781790475324,constructed nonbinding capacity for fixed-service external confirmation
external_nonbinding,112,southwest,245.2781790475324,constructed nonbinding capacity for fixed-service external confirmation
external_nonbinding,113,east,291.73247356453555,constructed nonbinding capacity for fixed-service external confirmation
external_nonbinding,113,north,291.73247356453555,constructed nonbinding capacity for fixed-service external confirmation
external_nonbinding,113,northwest,291.73247356453555,constructed nonbinding capacity for fixed-service external confirmation
external_nonbinding,113,southwest,291.73247356453555,constructed nonbinding capacity for fixed-service external confirmation
external_nonbinding,114,east,325.0093122709434,constructed nonbinding capacity for fixed-service external confirmation
external_nonbinding,114,north,325.0093122709434,constructed nonbinding capacity for fixed-service external confirmation
external_nonbinding,114,northwest,325.0093122709434,constructed nonbinding capacity for fixed-service external confirmation
external_nonbinding,114,southwest,325.0093122709434,constructed nonbinding capacity for fixed-service external confirmation
external_nonbinding,115,east,324.1298538605045,constructed nonbinding capacity for fixed-service external confirmation
external_nonbinding,115,north,324.1298538605045,constructed nonbinding capacity for fixed-service external confirmation
external_nonbinding,115,northwest,324.1298538605045,constructed nonbinding capacity for fixed-service external confirmation
external_nonbinding,115,southwest,324.1298538605045,constructed nonbinding capacity for fixed-service external confirmation
external_nonbinding,116,east,297.5490211963678,constructed nonbinding capacity for fixed-service external confirmation
external_nonbinding,116,north,297.5490211963678,constructed nonbinding capacity for fixed-service external confirmation
external_nonbinding,116,northwest,297.5490211963678,constructed nonbinding capacity for fixed-service external confirmation
external_nonbinding,116,southwest,297.5490211963678,constructed nonbinding capacity for fixed-service external confirmation
external_nonbinding,117,east,215.4419023322185,constructed nonbinding capacity for fixed-service external confirmation
external_nonbinding,117,north,215.4419023322185,constructed nonbinding capacity for fixed-service external confirmation
external_nonbinding,117,northwest,215.4419023322185,constructed nonbinding capacity for fixed-service external confirmation
external_nonbinding,117,southwest,215.4419023322185,constructed nonbinding capacity for fixed-service external confirmation
external_nonbinding,118,east,163.41104772379683,constructed nonbinding capacity for fixed-service external confirmation
external_nonbinding,118,north,163.41104772379683,constructed nonbinding capacity for fixed-service external confirmation
external_nonbinding,118,northwest,163.41104772379683,constructed nonbinding capacity for fixed-service external confirmation
external_nonbinding,118,southwest,163.41104772379683,constructed nonbinding capacity for fixed-service external confirmation
external_nonbinding,119,east,121.26260381609417,constructed nonbinding capacity for fixed-service external confirmation
external_nonbinding,119,north,121.26260381609417,constructed nonbinding capacity for fixed-service external confirmation
external_nonbinding,119,northwest,121.26260381609417,constructed nonbinding capacity for fixed-service external confirmation
external_nonbinding,119,southwest,121.26260381609417,constructed nonbinding capacity for fixed-service external confirmation
external_nonbinding,120,east,112.38077191798656,constructed nonbinding capacity for fixed-service external confirmation
external_nonbinding,120,north,112.38077191798656,constructed nonbinding capacity for fixed-service external confirmation
external_nonbinding,120,northwest,112.38077191798656,constructed nonbinding capacity for fixed-service external confirmation
external_nonbinding,120,southwest,112.38077191798656,constructed nonbinding capacity for fixed-service external confirmation
external_nonbinding,121,east,102.0450411779582,constructed nonbinding capacity for fixed-service external confirmation
external_nonbinding,121,north,102.0450411779582,constructed nonbinding capacity for fixed-service external confirmation
external_nonbinding,121,northwest,102.0450411779582,constructed nonbinding capacity for fixed-service external confirmation
external_nonbinding,121,southwest,102.0450411779582,constructed nonbinding capacity for fixed-service external confirmation
external_nonbinding,122,east,94.64729491094727,constructed nonbinding capacity for fixed-service external confirmation
external_nonbinding,122,north,94.64729491094727,constructed nonbinding capacity for fixed-service external confirmation
external_nonbinding,122,northwest,94.64729491094727,constructed nonbinding capacity for fixed-service external confirmation
external_nonbinding,122,southwest,94.64729491094727,constructed nonbinding capacity for fixed-service external confirmation
external_nonbinding,123,east,88.17171623070955,constructed nonbinding capacity for fixed-service external confirmation
external_nonbinding,123,north,88.17171623070955,constructed nonbinding capacity for fixed-service external confirmation
external_nonbinding,123,northwest,88.17171623070955,constructed nonbinding capacity for fixed-service external confirmation
external_nonbinding,123,southwest,88.17171623070955,constructed nonbinding capacity for fixed-service external confirmation
external_nonbinding,124,east,66.93681768482169,constructed nonbinding capacity for fixed-service external confirmation
external_nonbinding,124,north,66.93681768482169,constructed nonbinding capacity for fixed-service external confirmation
external_nonbinding,124,northwest,66.93681768482169,constructed nonbinding capacity for fixed-service external confirmation
external_nonbinding,124,southwest,66.93681768482169,constructed nonbinding capacity for fixed-service external confirmation
external_nonbinding,125,east,54.72259126709328,constructed nonbinding capacity for fixed-service external confirmation
external_nonbinding,125,north,54.72259126709328,constructed nonbinding capacity for fixed-service external confirmation
external_nonbinding,125,northwest,54.72259126709328,constructed nonbinding capacity for fixed-service external confirmation
external_nonbinding,125,southwest,54.72259126709328,constructed nonbinding capacity for fixed-service external confirmation
external_nonbinding,126,east,51.109146722585905,constructed nonbinding capacity for fixed-service external confirmation
external_nonbinding,126,north,51.109146722585905,constructed nonbinding capacity for fixed-service external confirmation
external_nonbinding,126,northwest,51.109146722585905,constructed nonbinding capacity for fixed-service external confirmation
external_nonbinding,126,southwest,51.109146722585905,constructed nonbinding capacity for fixed-service external confirmation
external_nonbinding,127,east,38.98672757259535,constructed nonbinding capacity for fixed-service external confirmation
external_nonbinding,127,north,38.98672757259535,constructed nonbinding capacity for fixed-service external confirmation
external_nonbinding,127,northwest,38.98672757259535,constructed nonbinding capacity for fixed-service external confirmation
external_nonbinding,127,southwest,38.98672757259535,constructed nonbinding capacity for fixed-service external confirmation
external_nonbinding,128,east,36.78655798141414,constructed nonbinding capacity for fixed-service external confirmation
external_nonbinding,128,north,36.78655798141414,constructed nonbinding capacity for fixed-service external confirmation
external_nonbinding,128,northwest,36.78655798141414,constructed nonbinding capacity for fixed-service external confirmation
external_nonbinding,128,southwest,36.78655798141414,constructed nonbinding capacity for fixed-service external confirmation
external_nonbinding,129,east,32.59270181675916,constructed nonbinding capacity for fixed-service external confirmation
external_nonbinding,129,north,32.59270181675916,constructed nonbinding capacity for fixed-service external confirmation
external_nonbinding,129,northwest,32.59270181675916,constructed nonbinding capacity for fixed-service external confirmation
external_nonbinding,129,southwest,32.59270181675916,constructed nonbinding capacity for fixed-service external confirmation
external_nonbinding,130,east,40.62099293446247,constructed nonbinding capacity for fixed-service external confirmation
external_nonbinding,130,north,40.62099293446247,constructed nonbinding capacity for fixed-service external confirmation
external_nonbinding,130,northwest,40.62099293446247,constructed nonbinding capacity for fixed-service external confirmation
external_nonbinding,130,southwest,40.62099293446247,constructed nonbinding capacity for fixed-service external confirmation
external_nonbinding,131,east,55.6441558223585,constructed nonbinding capacity for fixed-service external confirmation
external_nonbinding,131,north,55.6441558223585,constructed nonbinding capacity for fixed-service external confirmation
external_nonbinding,131,northwest,55.6441558223585,constructed nonbinding capacity for fixed-service external confirmation
external_nonbinding,131,southwest,55.6441558223585,constructed nonbinding capacity for fixed-service external confirmation
external_nonbinding,132,east,103.55997684656899,constructed nonbinding capacity for fixed-service external confirmation
external_nonbinding,132,north,103.55997684656899,constructed nonbinding capacity for fixed-service external confirmation
external_nonbinding,132,northwest,103.55997684656899,constructed nonbinding capacity for fixed-service external confirmation
external_nonbinding,132,southwest,103.55997684656899,constructed nonbinding capacity for fixed-service external confirmation
external_nonbinding,133,east,172.00489441534765,constructed nonbinding capacity for fixed-service external confirmation
external_nonbinding,133,north,172.00489441534765,constructed nonbinding capacity for fixed-service external confirmation
external_nonbinding,133,northwest,172.00489441534765,constructed nonbinding capacity for fixed-service external confirmation
external_nonbinding,133,southwest,172.00489441534765,constructed nonbinding capacity for fixed-service external confirmation
external_nonbinding,134,east,229.63519939872157,constructed nonbinding capacity for fixed-service external confirmation
external_nonbinding,134,north,229.63519939872157,constructed nonbinding capacity for fixed-service external confirmation
external_nonbinding,134,northwest,229.63519939872157,constructed nonbinding capacity for fixed-service external confirmation
external_nonbinding,134,southwest,229.63519939872157,constructed nonbinding capacity for fixed-service external confirmation
external_nonbinding,135,east,261.11379538429094,constructed nonbinding capacity for fixed-service external confirmation
external_nonbinding,135,north,261.11379538429094,constructed nonbinding capacity for fixed-service external confirmation
external_nonbinding,135,northwest,261.11379538429094,constructed nonbinding capacity for fixed-service external confirmation
external_nonbinding,135,southwest,261.11379538429094,constructed nonbinding capacity for fixed-service external confirmation
external_nonbinding,136,east,266.10624450945505,constructed nonbinding capacity for fixed-service external confirmation
external_nonbinding,136,north,266.10624450945505,constructed nonbinding capacity for fixed-service external confirmation
external_nonbinding,136,northwest,266.10624450945505,constructed nonbinding capacity for fixed-service external confirmation
external_nonbinding,136,southwest,266.10624450945505,constructed nonbinding capacity for fixed-service external confirmation
external_nonbinding,137,east,290.76230235706146,constructed nonbinding capacity for fixed-service external confirmation
external_nonbinding,137,north,290.76230235706146,constructed nonbinding capacity for fixed-service external confirmation
external_nonbinding,137,northwest,290.76230235706146,constructed nonbinding capacity for fixed-service external confirmation
external_nonbinding,137,southwest,290.76230235706146,constructed nonbinding capacity for fixed-service external confirmation
external_nonbinding,138,east,315.6905340193564,constructed nonbinding capacity for fixed-service external confirmation
external_nonbinding,138,north,315.6905340193564,constructed nonbinding capacity for fixed-service external confirmation
external_nonbinding,138,northwest,315.6905340193564,constructed nonbinding capacity for fixed-service external confirmation
external_nonbinding,138,southwest,315.6905340193564,constructed nonbinding capacity for fixed-service external confirmation
external_nonbinding,139,east,325.86623831891535,constructed nonbinding capacity for fixed-service external confirmation
external_nonbinding,139,north,325.86623831891535,constructed nonbinding capacity for fixed-service external confirmation
external_nonbinding,139,northwest,325.86623831891535,constructed nonbinding capacity for fixed-service external confirmation
external_nonbinding,139,southwest,325.86623831891535,constructed nonbinding capacity for fixed-service external confirmation
external_nonbinding,140,east,323.5493730315711,constructed nonbinding capacity for fixed-service external confirmation
external_nonbinding,140,north,323.5493730315711,constructed nonbinding capacity for fixed-service external confirmation
external_nonbinding,140,northwest,323.5493730315711,constructed nonbinding capacity for fixed-service external confirmation
external_nonbinding,140,southwest,323.5493730315711,constructed nonbinding capacity for fixed-service external confirmation
external_nonbinding,141,east,229.04383293064438,constructed nonbinding capacity for fixed-service external confirmation
external_nonbinding,141,north,229.04383293064438,constructed nonbinding capacity for fixed-service external confirmation
external_nonbinding,141,northwest,229.04383293064438,constructed nonbinding capacity for fixed-service external confirmation
external_nonbinding,141,southwest,229.04383293064438,constructed nonbinding capacity for fixed-service external confirmation
external_nonbinding,142,east,153.02024290600065,constructed nonbinding capacity for fixed-service external confirmation
external_nonbinding,142,north,153.02024290600065,constructed nonbinding capacity for fixed-service external confirmation
external_nonbinding,142,northwest,153.02024290600065,constructed nonbinding capacity for fixed-service external confirmation
external_nonbinding,142,southwest,153.02024290600065,constructed nonbinding capacity for fixed-service external confirmation
external_nonbinding,143,east,127.74658518404306,constructed nonbinding capacity for fixed-service external confirmation
external_nonbinding,143,north,127.74658518404306,constructed nonbinding capacity for fixed-service external confirmation
external_nonbinding,143,northwest,127.74658518404306,constructed nonbinding capacity for fixed-service external confirmation
external_nonbinding,143,southwest,127.74658518404306,constructed nonbinding capacity for fixed-service external confirmation
external_nonbinding,144,east,105.54736066369223,constructed nonbinding capacity for fixed-service external confirmation
external_nonbinding,144,north,105.54736066369223,constructed nonbinding capacity for fixed-service external confirmation
external_nonbinding,144,northwest,105.54736066369223,constructed nonbinding capacity for fixed-service external confirmation
external_nonbinding,144,southwest,105.54736066369223,constructed nonbinding capacity for fixed-service external confirmation
external_nonbinding,145,east,96.51371097118297,constructed nonbinding capacity for fixed-service external confirmation
external_nonbinding,145,north,96.51371097118297,constructed nonbinding capacity for fixed-service external confirmation
external_nonbinding,145,northwest,96.51371097118297,constructed nonbinding capacity for fixed-service external confirmation
external_nonbinding,145,southwest,96.51371097118297,constructed nonbinding capacity for fixed-service external confirmation
external_nonbinding,146,east,99.3402450227645,constructed nonbinding capacity for fixed-service external confirmation
external_nonbinding,146,north,99.3402450227645,constructed nonbinding capacity for fixed-service external confirmation
external_nonbinding,146,northwest,99.3402450227645,constructed nonbinding capacity for fixed-service external confirmation
external_nonbinding,146,southwest,99.3402450227645,constructed nonbinding capacity for fixed-service external confirmation
external_nonbinding,147,east,78.28991958016448,constructed nonbinding capacity for fixed-service external confirmation
external_nonbinding,147,north,78.28991958016448,constructed nonbinding capacity for fixed-service external confirmation
external_nonbinding,147,northwest,78.28991958016448,constructed nonbinding capacity for fixed-service external confirmation
external_nonbinding,147,southwest,78.28991958016448,constructed nonbinding capacity for fixed-service external confirmation
external_nonbinding,148,east,62.10011666908175,constructed nonbinding capacity for fixed-service external confirmation
external_nonbinding,148,north,62.10011666908175,constructed nonbinding capacity for fixed-service external confirmation
external_nonbinding,148,northwest,62.10011666908175,constructed nonbinding capacity for fixed-service external confirmation
external_nonbinding,148,southwest,62.10011666908175,constructed nonbinding capacity for fixed-service external confirmation
external_nonbinding,149,east,51.77069968263945,constructed nonbinding capacity for fixed-service external confirmation
external_nonbinding,149,north,51.77069968263945,constructed nonbinding capacity for fixed-service external confirmation
external_nonbinding,149,northwest,51.77069968263945,constructed nonbinding capacity for fixed-service external confirmation
external_nonbinding,149,southwest,51.77069968263945,constructed nonbinding capacity for fixed-service external confirmation
external_nonbinding,150,east,50.669589953986566,constructed nonbinding capacity for fixed-service external confirmation
external_nonbinding,150,north,50.669589953986566,constructed nonbinding capacity for fixed-service external confirmation
external_nonbinding,150,northwest,50.669589953986566,constructed nonbinding capacity for fixed-service external confirmation
external_nonbinding,150,southwest,50.669589953986566,constructed nonbinding capacity for fixed-service external confirmation
external_nonbinding,151,east,42.36333226343396,constructed nonbinding capacity for fixed-service external confirmation
external_nonbinding,151,north,42.36333226343396,constructed nonbinding capacity for fixed-service external confirmation
external_nonbinding,151,northwest,42.36333226343396,constructed nonbinding capacity for fixed-service external confirmation
external_nonbinding,151,southwest,42.36333226343396,constructed nonbinding capacity for fixed-service external confirmation
external_nonbinding,152,east,36.90944523356667,constructed nonbinding capacity for fixed-service external confirmation
external_nonbinding,152,north,36.90944523356667,constructed nonbinding capacity for fixed-service external confirmation
external_nonbinding,152,northwest,36.90944523356667,constructed nonbinding capacity for fixed-service external confirmation
external_nonbinding,152,southwest,36.90944523356667,constructed nonbinding capacity for fixed-service external confirmation
external_nonbinding,153,east,41.045219409534454,constructed nonbinding capacity for fixed-service external confirmation
external_nonbinding,153,north,41.045219409534454,constructed nonbinding capacity for fixed-service external confirmation
external_nonbinding,153,northwest,41.045219409534454,constructed nonbinding capacity for fixed-service external confirmation
external_nonbinding,153,southwest,41.045219409534454,constructed nonbinding capacity for fixed-service external confirmation
external_nonbinding,154,east,38.541831662116856,constructed nonbinding capacity for fixed-service external confirmation
external_nonbinding,154,north,38.541831662116856,constructed nonbinding capacity for fixed-service external confirmation
external_nonbinding,154,northwest,38.541831662116856,constructed nonbinding capacity for fixed-service external confirmation
external_nonbinding,154,southwest,38.541831662116856,constructed nonbinding capacity for fixed-service external confirmation
external_nonbinding,155,east,58.30220865123451,constructed nonbinding capacity for fixed-service external confirmation
external_nonbinding,155,north,58.30220865123451,constructed nonbinding capacity for fixed-service external confirmation
external_nonbinding,155,northwest,58.30220865123451,constructed nonbinding capacity for fixed-service external confirmation
external_nonbinding,155,southwest,58.30220865123451,constructed nonbinding capacity for fixed-service external confirmation
external_nonbinding,156,east,113.29100576411375,constructed nonbinding capacity for fixed-service external confirmation
external_nonbinding,156,north,113.29100576411375,constructed nonbinding capacity for fixed-service external confirmation
external_nonbinding,156,northwest,113.29100576411375,constructed nonbinding capacity for fixed-service external confirmation
external_nonbinding,156,southwest,113.29100576411375,constructed nonbinding capacity for fixed-service external confirmation
external_nonbinding,157,east,162.18012631258486,constructed nonbinding capacity for fixed-service external confirmation
external_nonbinding,157,north,162.18012631258486,constructed nonbinding capacity for fixed-service external confirmation
external_nonbinding,157,northwest,162.18012631258486,constructed nonbinding capacity for fixed-service external confirmation
external_nonbinding,157,southwest,162.18012631258486,constructed nonbinding capacity for fixed-service external confirmation
external_nonbinding,158,east,234.99031507071763,constructed nonbinding capacity for fixed-service external confirmation
external_nonbinding,158,north,234.99031507071763,constructed nonbinding capacity for fixed-service external confirmation
external_nonbinding,158,northwest,234.99031507071763,constructed nonbinding capacity for fixed-service external confirmation
external_nonbinding,158,southwest,234.99031507071763,constructed nonbinding capacity for fixed-service external confirmation
external_nonbinding,159,east,251.81287949854575,constructed nonbinding capacity for fixed-service external confirmation
external_nonbinding,159,north,251.81287949854575,constructed nonbinding capacity for fixed-service external confirmation
external_nonbinding,159,northwest,251.81287949854575,constructed nonbinding capacity for fixed-service external confirmation
external_nonbinding,159,southwest,251.81287949854575,constructed nonbinding capacity for fixed-service external confirmation
external_nonbinding,160,east,247.39472916240743,constructed nonbinding capacity for fixed-service external confirmation
external_nonbinding,160,north,247.39472916240743,constructed nonbinding capacity for fixed-service external confirmation
external_nonbinding,160,northwest,247.39472916240743,constructed nonbinding capacity for fixed-service external confirmation
external_nonbinding,160,southwest,247.39472916240743,constructed nonbinding capacity for fixed-service external confirmation
external_nonbinding,161,east,282.4125757116289,constructed nonbinding capacity for fixed-service external confirmation
external_nonbinding,161,north,282.4125757116289,constructed nonbinding capacity for fixed-service external confirmation
external_nonbinding,161,northwest,282.4125757116289,constructed nonbinding capacity for fixed-service external confirmation
external_nonbinding,161,southwest,282.4125757116289,constructed nonbinding capacity for fixed-service external confirmation
external_nonbinding,162,east,311.30282768038086,constructed nonbinding capacity for fixed-service external confirmation
external_nonbinding,162,north,311.30282768038086,constructed nonbinding capacity for fixed-service external confirmation
external_nonbinding,162,northwest,311.30282768038086,constructed nonbinding capacity for fixed-service external confirmation
external_nonbinding,162,southwest,311.30282768038086,constructed nonbinding capacity for fixed-service external confirmation
external_nonbinding,163,east,309.707222104518,constructed nonbinding capacity for fixed-service external confirmation
external_nonbinding,163,north,309.707222104518,constructed nonbinding capacity for fixed-service external confirmation
external_nonbinding,163,northwest,309.707222104518,constructed nonbinding capacity for fixed-service external confirmation
external_nonbinding,163,southwest,309.707222104518,constructed nonbinding capacity for fixed-service external confirmation
external_nonbinding,164,east,288.8806297359626,constructed nonbinding capacity for fixed-service external confirmation
external_nonbinding,164,north,288.8806297359626,constructed nonbinding capacity for fixed-service external confirmation
external_nonbinding,164,northwest,288.8806297359626,constructed nonbinding capacity for fixed-service external confirmation
external_nonbinding,164,southwest,288.8806297359626,constructed nonbinding capacity for fixed-service external confirmation
external_nonbinding,165,east,209.939206043214,constructed nonbinding capacity for fixed-service external confirmation
external_nonbinding,165,north,209.939206043214,constructed nonbinding capacity for fixed-service external confirmation
external_nonbinding,165,northwest,209.939206043214,constructed nonbinding capacity for fixed-service external confirmation
external_nonbinding,165,southwest,209.939206043214,constructed nonbinding capacity for fixed-service external confirmation
external_nonbinding,166,east,151.87218415432062,constructed nonbinding capacity for fixed-service external confirmation
external_nonbinding,166,north,151.87218415432062,constructed nonbinding capacity for fixed-service external confirmation
external_nonbinding,166,northwest,151.87218415432062,constructed nonbinding capacity for fixed-service external confirmation
external_nonbinding,166,southwest,151.87218415432062,constructed nonbinding capacity for fixed-service external confirmation
external_nonbinding,167,east,121.04799863786629,constructed nonbinding capacity for fixed-service external confirmation
external_nonbinding,167,north,121.04799863786629,constructed nonbinding capacity for fixed-service external confirmation
external_nonbinding,167,northwest,121.04799863786629,constructed nonbinding capacity for fixed-service external confirmation
external_nonbinding,167,southwest,121.04799863786629,constructed nonbinding capacity for fixed-service external confirmation
