hour_index,trace_timestamp_utc,request_count,service_accelerator_hours,boundary_fallback_request_count,boundary_fallback_service_accelerator_hours,processed_context_tokens,processed_generated_tokens
0,2024-05-10 00:00:00+00:00,77540,2826.428945296973,18551,2739.3675631334536,161473190,1950095
1,2024-05-10 01:00:00+00:00,76895,2478.672422615139,16193,2391.169152596626,146359976,1898068
2,2024-05-10 02:00:00+00:00,66953,2382.830565193971,15628,2307.7373875612966,135999067,1721114
3,2024-05-10 03:00:00+00:00,57781,2150.7458503821135,14130,2086.532460087095,118066156,1451346
4,2024-05-10 04:00:00+00:00,46575,1908.6475786754606,12594,1859.7161926636147,101574243,1155505
5,2024-05-10 05:00:00+00:00,38670,1416.14793857138,9303,1373.7446196879155,79538524,984351
6,2024-05-10 06:00:00+00:00,32595,1352.7514222284115,8929,1318.5172212397504,67969831,849303
7,2024-05-10 07:00:00+00:00,29267,1190.8534366811075,7855,1159.9230342522387,62460285,733727
8,2024-05-10 08:00:00+00:00,25758,1020.0950045652581,6732,994.0931720669727,55004568,623530
9,2024-05-10 09:00:00+00:00,28504,1189.9808944943968,7849,1159.0370332076157,63667880,742005
10,2024-05-10 10:00:00+00:00,29138,1122.6503166384152,7373,1088.74761700086,63236589,770195
11,2024-05-10 11:00:00+00:00,39169,1496.1352668762174,9827,1451.1220442516549,80863095,996281
12,2024-05-10 12:00:00+00:00,69571,2737.5743733095483,18065,2667.601478518993,150277487,1603528
13,2024-05-10 13:00:00+00:00,115569,4548.75466294602,30014,4432.0725588856385,248658248,2661859
14,2024-05-10 14:00:00+00:00,176131,6742.219838771705,44454,6564.381739611587,376766826,4004751
15,2024-05-10 15:00:00+00:00,200065,7491.369795938635,49352,7287.653925705472,422656443,4571266
16,2024-05-10 16:00:00+00:00,180037,6823.3626793333315,44959,6638.953494200687,390668805,4142221
17,2024-05-10 17:00:00+00:00,205354,7618.5534966216555,50202,7413.170740360392,435724678,4573368
18,2024-05-10 18:00:00+00:00,213954,8008.085003319142,52798,7796.513859000597,460871838,4712072
19,2024-05-10 19:00:00+00:00,221770,8658.63058494059,57183,8444.03295577922,489234568,4866912
20,2024-05-10 20:00:00+00:00,211707,8280.599121586722,54668,8072.650851241424,461405791,4717440
21,2024-05-10 21:00:00+00:00,154796,5914.519177808564,38989,5757.3824548008315,335475755,3543587
22,2024-05-10 22:00:00+00:00,114577,4102.154685519701,26939,3977.997023516366,240537136,2743265
23,2024-05-10 23:00:00+00:00,77768,2601.603786938421,17042,2516.5383004107766,157900867,1804853
24,2024-05-11 00:00:00+00:00,60686,1880.69304002361,12269,1811.7244694132037,117481452,1454153
25,2024-05-11 01:00:00+00:00,53537,1692.9898939075217,11072,1634.9672610109212,102292631,1235032
26,2024-05-11 02:00:00+00:00,47537,1389.0718397701091,9026,1332.8409047944883,89378676,1185909
27,2024-05-11 03:00:00+00:00,46593,1466.6476815945393,9588,1415.8296693075065,88694941,1090247
28,2024-05-11 04:00:00+00:00,39499,1179.5236053790616,7677,1133.6383365950905,78105073,964574
29,2024-05-11 05:00:00+00:00,31344,955.8369244327781,6232,920.2597516817251,60461490,795295
30,2024-05-11 06:00:00+00:00,25591,843.0785723798475,5502,812.4629579192638,50345548,668999
31,2024-05-11 07:00:00+00:00,18687,586.3700544328918,3824,564.677999106373,35345715,464128
32,2024-05-11 08:00:00+00:00,13849,504.78982525418064,3324,490.8445787211256,28450329,312625
33,2024-05-11 09:00:00+00:00,11520,386.1672281614918,2536,374.48310819397545,23595477,240526
34,2024-05-11 10:00:00+00:00,9086,384.3913921893547,2546,375.9597766016804,19319021,204054
35,2024-05-11 11:00:00+00:00,15138,536.4348644693556,3539,522.592949486782,30690140,318245
36,2024-05-11 12:00:00+00:00,24905,777.0026989733109,5084,750.7382184771968,47704733,577992
37,2024-05-11 13:00:00+00:00,35637,943.7759347687528,6108,901.9490634261838,65915892,851236
38,2024-05-11 14:00:00+00:00,42423,1462.8775461882697,9600,1417.6016713967524,85258602,980112
39,2024-05-11 15:00:00+00:00,46482,1447.5272634567418,9459,1396.7806468481126,91236517,1077344
40,2024-05-11 16:00:00+00:00,50527,1517.3724753877807,9893,1460.8680557425075,95582010,1175002
41,2024-05-11 17:00:00+00:00,57853,1730.2302057128413,11291,1667.3062991396596,107377492,1320615
42,2024-05-11 18:00:00+00:00,62410,1824.4127689600575,11879,1754.1344015127106,118542233,1477218
43,2024-05-11 19:00:00+00:00,63350,1932.565956680363,12612,1862.3741957974835,123004610,1542541
44,2024-05-11 20:00:00+00:00,55657,1721.534889407581,11252,1661.5472923496104,108586538,1265928
45,2024-05-11 21:00:00+00:00,52548,1578.4106601318756,10284,1518.605790483771,98878853,1257497
46,2024-05-11 22:00:00+00:00,56181,1593.2245299398362,10344,1527.4658009300008,101800499,1401140
47,2024-05-11 23:00:00+00:00,48741,1283.137993837724,8315,1227.8497810066663,89825008,1122725
48,2024-05-12 00:00:00+00:00,47255,1359.2337539469636,8849,1306.7038739781108,84279101,1143332
49,2024-05-12 01:00:00+00:00,51285,1428.5792480462676,9294,1372.415618120981,93519864,1189382
50,2024-05-12 02:00:00+00:00,45789,1355.208791544959,8805,1300.206532984209,83297462,1181593
51,2024-05-12 03:00:00+00:00,43722,1277.4381945060109,8305,1226.3731125989614,84198376,1041157
52,2024-05-12 04:00:00+00:00,38194,1197.1376579551315,7809,1153.1303595767959,72689989,969842
53,2024-05-12 05:00:00+00:00,30551,1039.7085269937872,6814,1006.2018530101533,61193054,749818
54,2024-05-12 06:00:00+00:00,23772,768.7657065892139,5028,742.4688753940491,47646459,589069
55,2024-05-12 07:00:00+00:00,15010,491.72258337817965,3218,475.19189359945307,30595339,370583
56,2024-05-12 08:00:00+00:00,12200,518.4923054988598,3432,506.792597524339,26730265,274932
57,2024-05-12 09:00:00+00:00,11550,451.13942672918853,2974,439.1611844514523,24736286,280630
58,2024-05-12 10:00:00+00:00,12629,457.9061468516657,3005,443.7388565153376,26868735,298015
59,2024-05-12 11:00:00+00:00,13938,445.7540732313846,2915,430.44884084599306,26813800,318377
60,2024-05-12 12:00:00+00:00,21307,756.3741188346403,4959,732.279863380885,43859011,534348
61,2024-05-12 13:00:00+00:00,27187,884.7846701012701,5787,854.5480075388549,54904833,656933
62,2024-05-12 14:00:00+00:00,35597,998.3802544345103,6479,956.7334613520375,66526335,899800
63,2024-05-12 15:00:00+00:00,43407,1176.1090484824551,7616,1124.6306593080903,75716211,1043947
64,2024-05-12 16:00:00+00:00,46255,1318.38491640465,8561,1264.175823836208,85768841,1135091
65,2024-05-12 17:00:00+00:00,47208,1262.7715329829946,8201,1211.01576115883,86984884,1066955
66,2024-05-12 18:00:00+00:00,53583,1576.950701738993,10274,1517.129122076066,99894101,1294253
67,2024-05-12 19:00:00+00:00,56139,1633.2478068482317,10627,1569.2555168680508,102038974,1362029
68,2024-05-12 20:00:00+00:00,63044,1435.004591500162,9206,1359.4209361331775,107209764,1504159
69,2024-05-12 21:00:00+00:00,67586,1729.434543809019,11200,1653.8686166295445,122794033,1519853
70,2024-05-12 22:00:00+00:00,61304,1493.338033276043,9614,1419.6690071675393,110094465,1464145
71,2024-05-12 23:00:00+00:00,61147,1738.6241490827476,11304,1669.2259680696761,115175347,1479958
72,2024-05-13 00:00:00+00:00,65623,2087.2105349652006,13661,2017.276711765733,128563010,1492677
73,2024-05-13 01:00:00+00:00,66573,2078.748623244818,13570,2003.8390292556178,127457170,1606756
74,2024-05-13 02:00:00+00:00,65925,2232.773810116299,14626,2159.7752131092607,132478848,1614935
75,2024-05-13 03:00:00+00:00,56872,1979.3598935971952,12982,1917.0109268825668,113118622,1442629
76,2024-05-13 04:00:00+00:00,48968,1696.2015892300249,11123,1642.4982698902165,96487775,1158119
77,2024-05-13 05:00:00+00:00,40353,1519.056088147847,10004,1477.2590750680324,83806412,955673
78,2024-05-13 06:00:00+00:00,32707,1429.7984003752204,9452,1395.7469789627191,73145130,837151
79,2024-05-13 07:00:00+00:00,31220,1396.2243824993072,9245,1365.1799429232267,70995422,796502
80,2024-05-13 08:00:00+00:00,28452,1183.2713797259505,7801,1151.949024850632,62378652,753540
81,2024-05-13 09:00:00+00:00,28468,1182.1356746866088,7794,1150.9153569652385,62887472,738797
82,2024-05-13 10:00:00+00:00,29280,1117.6554330385468,7360,1086.8279480708436,61875705,697995
83,2024-05-13 11:00:00+00:00,43715,1669.7442369762114,11012,1626.1072505646914,92451421,1006133
84,2024-05-13 12:00:00+00:00,75558,2663.08662344763,17483,2581.6593771905646,153411855,1864635
85,2024-05-13 13:00:00+00:00,141963,5113.081456005034,33631,4966.183521952519,293912537,3318238
86,2024-05-13 14:00:00+00:00,200966,7271.68900405124,47877,7069.845335568992,421287283,4426844
87,2024-05-13 15:00:00+00:00,227624,8101.396469760301,53331,7875.220285131271,480381047,4945551
88,2024-05-13 16:00:00+00:00,217037,7952.557241389503,52401,7737.890123214711,454390325,4796536
89,2024-05-13 17:00:00+00:00,242526,8431.151552602634,55416,8183.105648137754,508690315,5401529
90,2024-05-13 18:00:00+00:00,272130,10024.7611352311,66076,9757.234170751231,581076986,5837512
91,2024-05-13 19:00:00+00:00,284085,10419.087444444069,68713,10146.631629863026,606494886,6074701
92,2024-05-13 20:00:00+00:00,267866,10123.436446797465,66826,9867.984301329103,580803589,5731520
93,2024-05-13 21:00:00+00:00,201648,7582.194115149794,50002,7383.637372206294,435798594,4350907
94,2024-05-13 22:00:00+00:00,156399,5772.3437354179,38018,5613.997952412681,331903116,3521571
95,2024-05-13 23:00:00+00:00,111334,3909.119385974001,25710,3796.514476209428,228001965,2520937
96,2024-05-14 00:00:00+00:00,100910,3616.7503506568596,23783,3511.960474044684,205627603,2382333
97,2024-05-14 01:00:00+00:00,105599,3236.49138126878,21165,3125.368684907528,201003555,2356496
98,2024-05-14 02:00:00+00:00,93267,2943.000778262289,19247,2842.143684309718,180330742,2132037
99,2024-05-14 03:00:00+00:00,64759,2050.8541314198656,13408,1979.9170010507976,126966851,1501368
100,2024-05-14 04:00:00+00:00,53173,1727.009029393111,11304,1669.2259680696761,106323286,1237675
101,2024-05-14 05:00:00+00:00,42387,1324.621231835071,8627,1273.9218353270608,85809446,1067580
102,2024-05-14 06:00:00+00:00,35686,1305.793087397126,8567,1265.0618248808312,75513955,960318
103,2024-05-14 07:00:00+00:00,27561,1331.9349965815184,8833,1304.3412045257828,65603845,707233
104,2024-05-14 08:00:00+00:00,26421,1266.678852267989,8406,1241.2874635167814,63000992,644450
105,2024-05-14 09:00:00+00:00,29978,1421.7768272825676,9414,1390.1356390134404,71496000,809631
106,2024-05-14 10:00:00+00:00,32842,1499.7264117620575,9938,1467.5130635771798,74547891,851104
107,2024-05-14 11:00:00+00:00,47275,1875.018512425243,12369,1826.4911534902533,102186750,1143811
108,2024-05-14 12:00:00+00:00,92053,3303.1665844016547,21690,3202.893776312038,192741717,2215554
109,2024-05-14 13:00:00+00:00,173371,5963.911620897081,39199,5788.392491362635,352113325,3832452
110,2024-05-14 14:00:00+00:00,239881,8443.901066347526,55540,8201.416336393295,492371377,5322327
111,2024-05-14 15:00:00+00:00,246013,9130.284263141843,60198,8889.248480702261,528337218,5367363
112,2024-05-14 16:00:00+00:00,218782,7773.108288698705,51112,7547.547565461543,460727587,4919864
113,2024-05-14 17:00:00+00:00,263399,9488.24855839944,62467,9224.304542410515,551020516,5840887
114,2024-05-14 18:00:00+00:00,298181,11109.736391886938,73301,10824.127095318057,640069689,6389262
115,2024-05-14 19:00:00+00:00,295651,11071.934781397405,73039,10785.438383036188,641249530,6358636
116,2024-05-14 20:00:00+00:00,272974,10775.63767283133,71255,10522.000739101624,600863748,5780674
117,2024-05-14 21:00:00+00:00,194145,7256.962246213566,47839,7064.233995619713,414513875,4278057
118,2024-05-14 22:00:00+00:00,147631,5209.341059053271,34247,5057.146295867144,305780462,3285917
119,2024-05-14 23:00:00+00:00,108847,3741.795197935735,24582,3629.9462798203094,220483549,2466290
120,2024-05-15 00:00:00+00:00,101024,3188.066312046428,20844,3077.9676290201987,196005967,2325461
121,2024-05-15 01:00:00+00:00,89036,2623.272405613565,17066,2520.0823045892685,171792269,2137994
122,2024-05-15 02:00:00+00:00,81465,2862.1009284535817,18794,2775.250605440684,165340100,1951778
123,2024-05-15 03:00:00+00:00,75135,2648.070847444335,17368,2564.677690501958,153839378,1820412
124,2024-05-15 04:00:00+00:00,55526,1969.9051054370307,12923,1908.2985832771076,114899339,1388769
125,2024-05-15 05:00:00+00:00,44890,1681.9592303948136,11056,1632.6045915585933,95913552,1124618
126,2024-05-15 06:00:00+00:00,39850,1682.9537678735956,11093,1638.0682646671016,87186572,1059877
127,2024-05-15 07:00:00+00:00,31280,1389.3382331905973,9197,1358.091934566243,71375096,785869
128,2024-05-15 08:00:00+00:00,30239,1361.6957994134832,9021,1332.1025705906359,68813134,735235
129,2024-05-15 09:00:00+00:00,27084,1267.7281648751455,8403,1240.84446299447,61363104,650642
130,2024-05-15 10:00:00+00:00,32767,1490.0444762155414,9867,1457.0287178824747,74373426,819847
131,2024-05-15 11:00:00+00:00,48023,1797.787247722078,11838,1748.0800610411204,101909532,1127477
132,2024-05-15 12:00:00+00:00,91301,3317.299783947904,21832,3223.8624677014477,191696490,2089357
133,2024-05-15 13:00:00+00:00,155325,6028.193475934735,39802,5877.435596347244,334174605,3400053
134,2024-05-15 14:00:00+00:00,209971,7531.60158370284,49612,7326.0473043058,439788219,4570838
135,2024-05-15 15:00:00+00:00,236293,8864.042516789934,58441,8629.7978414685,513000716,5137894
136,2024-05-15 16:00:00+00:00,237652,8877.298251050805,58528,8642.644856615534,511756850,5282453
137,2024-05-15 17:00:00+00:00,261208,10004.741972679769,66022,9749.260161349624,573927385,5704530
138,2024-05-15 18:00:00+00:00,291357,11024.829474695802,72784,10747.783338639712,635513237,6146756
139,2024-05-15 19:00:00+00:00,301105,11312.606812841414,74674,11026.873667695947,657219744,6339476
140,2024-05-15 20:00:00+00:00,293531,11363.056076666568,75052,11082.691733507194,647005822,6312897
141,2024-05-15 21:00:00+00:00,210675,8037.958938001313,53075,7837.417573894025,459867081,4465276
142,2024-05-15 22:00:00+00:00,136118,5104.223230069414,33645,4968.250857723306,287660758,3066391
143,2024-05-15 23:00:00+00:00,110613,3914.9707640867477,25705,3795.7761420055754,228680790,2610811
144,2024-05-16 00:00:00+00:00,92424,3201.6447278538267,21011,3102.6279914288716,186573005,2169138
145,2024-05-16 01:00:00+00:00,83114,2826.396202046798,18526,2735.6758921141914,167951676,1994722
146,2024-05-16 02:00:00+00:00,87755,2702.284155899566,17642,2605.138404873074,168694590,2074677
147,2024-05-16 03:00:00+00:00,67048,2205.1851611574434,14425,2130.094178114391,136247557,1618464
148,2024-05-16 04:00:00+00:00,51448,1827.9049578633874,11996,1771.4114218828586,107118172,1285147
149,2024-05-16 05:00:00+00:00,45180,1610.9549781932096,10595,1564.530177963395,91689847,1062080
150,2024-05-16 06:00:00+00:00,41180,1499.4401353380485,9837,1452.5987126593598,87230656,1048429
151,2024-05-16 07:00:00+00:00,33228,1383.7122576239758,9122,1347.0169215084559,73714905,871248
152,2024-05-16 08:00:00+00:00,31364,1300.1261615407675,8594,1269.0488295816344,70196531,734358
153,2024-05-16 09:00:00+00:00,31657,1446.8002062917924,9576,1414.0576672182606,73474300,833526
154,2024-05-16 10:00:00+00:00,31950,1344.5542831835842,8884,1311.8722134050781,72471992,769656
155,2024-05-16 11:00:00+00:00,49384,2105.3592968290395,13927,2056.5560914106845,110479766,1161872
156,2024-05-16 12:00:00+00:00,96475,3593.717562227195,23623,3488.3337795214047,204292553,2306837
157,2024-05-16 13:00:00+00:00,144644,5448.9930334883875,35927,5305.2265883615755,308584427,3236626
158,2024-05-16 14:00:00+00:00,212817,7866.765313330609,51860,7658.002362357874,453583373,4660316
159,2024-05-16 15:00:00+00:00,229865,8633.829331688103,56956,8410.512582924317,488557624,4983869
160,2024-05-16 16:00:00+00:00,224722,8576.278138542542,56605,8358.681521813873,487300666,4862287
161,2024-05-16 17:00:00+00:00,256700,9542.130162570113,62939,9294.003291254188,550212882,5576670
162,2024-05-16 18:00:00+00:00,283927,10496.371415420641,69185,10216.3303787067,610952669,6130541
163,2024-05-16 19:00:00+00:00,286280,10497.653111240234,69211,10220.169716566732,614393294,6074971
164,2024-05-16 20:00:00+00:00,261620,9960.478034461636,65746,9708.504113296967,567101097,5684832
165,2024-05-16 21:00:00+00:00,189093,6989.18207533897,46041,6798.729015914362,405714405,4161577
166,2024-05-16 22:00:00+00:00,136209,4731.914344412913,31088,4590.66674587315,282986889,3058139
167,2024-05-16 23:00:00+00:00,106481,3690.4829114405547,24240,3579.4442202768,215101062,2481846
