hour_index,trace_timestamp_utc,request_count,service_accelerator_hours,service_mapping
0,2024-05-10 00:00:00+00:00,77540,94.07906417603627,triangulated_linear
1,2024-05-10 01:00:00+00:00,76895,89.70520495646231,triangulated_linear
2,2024-05-10 02:00:00+00:00,66953,82.02777105514414,triangulated_linear
3,2024-05-10 03:00:00+00:00,57781,69.67874403373781,triangulated_linear
4,2024-05-10 04:00:00+00:00,46575,56.73377356777202,triangulated_linear
5,2024-05-10 05:00:00+00:00,38670,47.20650593154189,triangulated_linear
6,2024-05-10 06:00:00+00:00,32595,40.65976456290144,triangulated_linear
7,2024-05-10 07:00:00+00:00,29267,35.67494990735997,triangulated_linear
8,2024-05-10 08:00:00+00:00,25758,30.601869223474644,triangulated_linear
9,2024-05-10 09:00:00+00:00,28504,36.186999993631396,triangulated_linear
10,2024-05-10 10:00:00+00:00,29138,37.1132543373646,triangulated_linear
11,2024-05-10 11:00:00+00:00,39169,47.77397974850953,triangulated_linear
12,2024-05-10 12:00:00+00:00,69571,80.05971953155971,triangulated_linear
13,2024-05-10 13:00:00+00:00,115569,132.7569164614825,triangulated_linear
14,2024-05-10 14:00:00+00:00,176131,200.04342092698116,triangulated_linear
15,2024-05-10 15:00:00+00:00,200065,227.1416651268267,triangulated_linear
16,2024-05-10 16:00:00+00:00,180037,207.1376036516319,triangulated_linear
17,2024-05-10 17:00:00+00:00,205354,229.20683005323187,triangulated_linear
18,2024-05-10 18:00:00+00:00,213954,238.0355880805574,triangulated_linear
19,2024-05-10 19:00:00+00:00,221770,248.0429443470414,triangulated_linear
20,2024-05-10 20:00:00+00:00,211707,238.41626437844587,triangulated_linear
21,2024-05-10 21:00:00+00:00,154796,177.412720029764,triangulated_linear
22,2024-05-10 22:00:00+00:00,114577,134.34369370043632,triangulated_linear
23,2024-05-10 23:00:00+00:00,77768,88.172585292732,triangulated_linear
24,2024-05-11 00:00:00+00:00,60686,69.49283049998328,triangulated_linear
25,2024-05-11 01:00:00+00:00,53537,59.40807487150244,triangulated_linear
26,2024-05-11 02:00:00+00:00,47537,55.69983803613778,triangulated_linear
27,2024-05-11 03:00:00+00:00,46593,52.178415881785895,triangulated_linear
28,2024-05-11 04:00:00+00:00,39499,46.15287135482152,triangulated_linear
29,2024-05-11 05:00:00+00:00,31344,37.47747670544344,triangulated_linear
30,2024-05-11 06:00:00+00:00,25591,31.45356398763698,triangulated_linear
31,2024-05-11 07:00:00+00:00,18687,21.832321376602355,triangulated_linear
32,2024-05-11 08:00:00+00:00,13849,15.44521187813647,triangulated_linear
33,2024-05-11 09:00:00+00:00,11520,12.12763257962545,triangulated_linear
34,2024-05-11 10:00:00+00:00,9086,10.21134514942394,triangulated_linear
35,2024-05-11 11:00:00+00:00,15138,15.968642755697115,triangulated_linear
36,2024-05-11 12:00:00+00:00,24905,27.776060651779744,triangulated_linear
37,2024-05-11 13:00:00+00:00,35637,40.20177179164909,triangulated_linear
38,2024-05-11 14:00:00+00:00,42423,47.83154165214268,triangulated_linear
39,2024-05-11 15:00:00+00:00,46482,52.136255492984766,triangulated_linear
40,2024-05-11 16:00:00+00:00,50527,56.242264754186465,triangulated_linear
41,2024-05-11 17:00:00+00:00,57853,63.167257222112276,triangulated_linear
42,2024-05-11 18:00:00+00:00,62410,70.46279697924376,triangulated_linear
43,2024-05-11 19:00:00+00:00,63350,73.56400445854871,triangulated_linear
44,2024-05-11 20:00:00+00:00,55657,61.44492774450418,triangulated_linear
45,2024-05-11 21:00:00+00:00,52548,59.662766274213794,triangulated_linear
46,2024-05-11 22:00:00+00:00,56181,65.1991273120145,triangulated_linear
47,2024-05-11 23:00:00+00:00,48741,53.43990607250479,triangulated_linear
48,2024-05-12 00:00:00+00:00,47255,53.36251177296246,triangulated_linear
49,2024-05-12 01:00:00+00:00,51285,56.38609533026935,triangulated_linear
50,2024-05-12 02:00:00+00:00,45789,54.650479484417005,triangulated_linear
51,2024-05-12 03:00:00+00:00,43722,49.76974716584192,triangulated_linear
52,2024-05-12 04:00:00+00:00,38194,45.55501439848986,triangulated_linear
53,2024-05-12 05:00:00+00:00,30551,35.981091058957404,triangulated_linear
54,2024-05-12 06:00:00+00:00,23772,28.208642448682237,triangulated_linear
55,2024-05-12 07:00:00+00:00,15010,17.853074237032452,triangulated_linear
56,2024-05-12 08:00:00+00:00,12200,13.876000504089749,triangulated_linear
57,2024-05-12 09:00:00+00:00,11550,13.777100890144805,triangulated_linear
58,2024-05-12 10:00:00+00:00,12629,14.702999041909191,triangulated_linear
59,2024-05-12 11:00:00+00:00,13938,15.391919605409944,triangulated_linear
60,2024-05-12 12:00:00+00:00,21307,25.729576515494035,triangulated_linear
61,2024-05-12 13:00:00+00:00,27187,31.734948822640717,triangulated_linear
62,2024-05-12 14:00:00+00:00,35597,42.086206008621645,triangulated_linear
63,2024-05-12 15:00:00+00:00,43407,48.46047360815123,triangulated_linear
64,2024-05-12 16:00:00+00:00,46255,53.32327841868715,triangulated_linear
65,2024-05-12 17:00:00+00:00,47208,51.01123831599011,triangulated_linear
66,2024-05-12 18:00:00+00:00,53583,61.12587441172477,triangulated_linear
67,2024-05-12 19:00:00+00:00,56139,63.82486315206597,triangulated_linear
68,2024-05-12 20:00:00+00:00,63044,69.46731777629803,triangulated_linear
69,2024-05-12 21:00:00+00:00,67586,72.46762687834764,triangulated_linear
70,2024-05-12 22:00:00+00:00,61304,68.55089375185833,triangulated_linear
71,2024-05-12 23:00:00+00:00,61147,70.08227929268435,triangulated_linear
72,2024-05-13 00:00:00+00:00,65623,72.57192446086191,triangulated_linear
73,2024-05-13 01:00:00+00:00,66573,76.44408375560256,triangulated_linear
74,2024-05-13 02:00:00+00:00,65925,77.6167814953558,triangulated_linear
75,2024-05-13 03:00:00+00:00,56872,68.59295522660442,triangulated_linear
76,2024-05-13 04:00:00+00:00,48968,55.80483566187621,triangulated_linear
77,2024-05-13 05:00:00+00:00,40353,46.77628633321922,triangulated_linear
78,2024-05-13 06:00:00+00:00,32707,41.062039819861525,triangulated_linear
79,2024-05-13 07:00:00+00:00,31220,39.328988263488725,triangulated_linear
80,2024-05-13 08:00:00+00:00,28452,36.4017539605654,triangulated_linear
81,2024-05-13 09:00:00+00:00,28468,35.95807699785539,triangulated_linear
82,2024-05-13 10:00:00+00:00,29280,34.29412540808401,triangulated_linear
83,2024-05-13 11:00:00+00:00,43715,49.91446261665924,triangulated_linear
84,2024-05-13 12:00:00+00:00,75558,89.72694679731964,triangulated_linear
85,2024-05-13 13:00:00+00:00,141963,162.88796113335889,triangulated_linear
86,2024-05-13 14:00:00+00:00,200966,221.6560355479636,triangulated_linear
87,2024-05-13 15:00:00+00:00,227624,249.1021805148793,triangulated_linear
88,2024-05-13 16:00:00+00:00,217037,239.89201882328302,triangulated_linear
89,2024-05-13 17:00:00+00:00,242526,269.6123272515454,triangulated_linear
90,2024-05-13 18:00:00+00:00,272130,296.1830068545368,triangulated_linear
91,2024-05-13 19:00:00+00:00,284085,308.6404811281076,triangulated_linear
92,2024-05-13 20:00:00+00:00,267866,292.5408212896808,triangulated_linear
93,2024-05-13 21:00:00+00:00,201648,221.26594999939903,triangulated_linear
94,2024-05-13 22:00:00+00:00,156399,175.9243968938339,triangulated_linear
95,2024-05-13 23:00:00+00:00,111334,124.43007542590317,triangulated_linear
96,2024-05-14 00:00:00+00:00,100910,116.15128797423738,triangulated_linear
97,2024-05-14 01:00:00+00:00,105599,114.14666886020527,triangulated_linear
98,2024-05-14 02:00:00+00:00,93267,103.11267600346821,triangulated_linear
99,2024-05-14 03:00:00+00:00,64759,72.63203486262147,triangulated_linear
100,2024-05-14 04:00:00+00:00,53173,60.15430956587025,triangulated_linear
101,2024-05-14 05:00:00+00:00,42387,51.05950813937827,triangulated_linear
102,2024-05-14 06:00:00+00:00,35686,45.770477757574035,triangulated_linear
103,2024-05-14 07:00:00+00:00,27561,35.33402173056628,triangulated_linear
104,2024-05-14 08:00:00+00:00,26421,32.6973119773151,triangulated_linear
105,2024-05-14 09:00:00+00:00,29978,39.924269037343166,triangulated_linear
106,2024-05-14 10:00:00+00:00,32842,41.81591416970318,triangulated_linear
107,2024-05-14 11:00:00+00:00,47275,56.37221915028724,triangulated_linear
108,2024-05-14 12:00:00+00:00,92053,108.23337340072106,triangulated_linear
109,2024-05-14 13:00:00+00:00,173371,189.88859777185573,triangulated_linear
110,2024-05-14 14:00:00+00:00,239881,264.2352137809555,triangulated_linear
111,2024-05-14 15:00:00+00:00,246013,271.6421656242944,triangulated_linear
112,2024-05-14 16:00:00+00:00,218782,245.27817880125423,triangulated_linear
113,2024-05-14 17:00:00+00:00,263399,291.7324732718031,triangulated_linear
114,2024-05-14 18:00:00+00:00,298181,325.00931194493404,triangulated_linear
115,2024-05-14 19:00:00+00:00,295651,324.12985353537465,triangulated_linear
116,2024-05-14 20:00:00+00:00,272974,297.54902089781876,triangulated_linear
117,2024-05-14 21:00:00+00:00,194145,215.44190211577657,triangulated_linear
118,2024-05-14 22:00:00+00:00,147631,163.41104755938576,triangulated_linear
119,2024-05-14 23:00:00+00:00,108847,121.26260369383155,triangulated_linear
120,2024-05-15 00:00:00+00:00,101024,112.38077180460579,triangulated_linear
121,2024-05-15 01:00:00+00:00,89036,102.04504107491314,triangulated_linear
122,2024-05-15 02:00:00+00:00,81465,94.64729481529996,triangulated_linear
123,2024-05-15 03:00:00+00:00,75135,88.17171614153783,triangulated_linear
124,2024-05-15 04:00:00+00:00,55526,66.93681761688487,triangulated_linear
125,2024-05-15 05:00:00+00:00,44890,54.722591211370684,triangulated_linear
126,2024-05-15 06:00:00+00:00,39850,51.109146670476754,triangulated_linear
127,2024-05-15 07:00:00+00:00,31280,38.98672753260862,triangulated_linear
128,2024-05-15 08:00:00+00:00,30239,36.786557943627585,triangulated_linear
129,2024-05-15 09:00:00+00:00,27084,32.59270178316646,triangulated_linear
130,2024-05-15 10:00:00+00:00,32767,40.62099289284148,triangulated_linear
131,2024-05-15 11:00:00+00:00,48023,55.644155765714345,triangulated_linear
132,2024-05-15 12:00:00+00:00,91301,103.559976742009,triangulated_linear
133,2024-05-15 13:00:00+00:00,155325,172.00489424234274,triangulated_linear
134,2024-05-15 14:00:00+00:00,209971,229.63519916808636,triangulated_linear
135,2024-05-15 15:00:00+00:00,236293,261.1137951221771,triangulated_linear
136,2024-05-15 16:00:00+00:00,237652,266.1062442423488,triangulated_linear
137,2024-05-15 17:00:00+00:00,261208,290.76230206529914,triangulated_linear
138,2024-05-15 18:00:00+00:00,291357,315.69053370266585,triangulated_linear
139,2024-05-15 19:00:00+00:00,301105,325.8662379920491,triangulated_linear
140,2024-05-15 20:00:00+00:00,293531,323.54937270702175,triangulated_linear
141,2024-05-15 21:00:00+00:00,210675,229.04383270060055,triangulated_linear
142,2024-05-15 22:00:00+00:00,136118,153.0202427519804,triangulated_linear
143,2024-05-15 23:00:00+00:00,110613,127.74658505529645,triangulated_linear
144,2024-05-16 00:00:00+00:00,92424,105.54736055714486,triangulated_linear
145,2024-05-16 01:00:00+00:00,83114,96.51371087366925,triangulated_linear
146,2024-05-16 02:00:00+00:00,87755,99.34024492242425,triangulated_linear
147,2024-05-16 03:00:00+00:00,67048,78.28991950087455,triangulated_linear
148,2024-05-16 04:00:00+00:00,51448,62.10011660598163,triangulated_linear
149,2024-05-16 05:00:00+00:00,45180,51.77069962986875,triangulated_linear
150,2024-05-16 06:00:00+00:00,41180,50.66958990231698,triangulated_linear
151,2024-05-16 07:00:00+00:00,33228,42.36333222007063,triangulated_linear
152,2024-05-16 08:00:00+00:00,31364,36.90944519565723,triangulated_linear
153,2024-05-16 09:00:00+00:00,31657,41.04521936748923,triangulated_linear
154,2024-05-16 10:00:00+00:00,31950,38.541831622575025,triangulated_linear
155,2024-05-16 11:00:00+00:00,49384,58.3022085919323,triangulated_linear
156,2024-05-16 12:00:00+00:00,96475,113.29100564982274,triangulated_linear
157,2024-05-16 13:00:00+00:00,144644,162.18012614940474,triangulated_linear
158,2024-05-16 14:00:00+00:00,212817,234.99031483472731,triangulated_linear
159,2024-05-16 15:00:00+00:00,229865,251.81287924573286,triangulated_linear
160,2024-05-16 16:00:00+00:00,224722,247.3947289140127,triangulated_linear
161,2024-05-16 17:00:00+00:00,256700,282.4125754282163,triangulated_linear
162,2024-05-16 18:00:00+00:00,283927,311.302827368078,triangulated_linear
163,2024-05-16 19:00:00+00:00,286280,309.70722179381073,triangulated_linear
164,2024-05-16 20:00:00+00:00,261620,288.88062944608197,triangulated_linear
165,2024-05-16 21:00:00+00:00,189093,209.93920583227478,triangulated_linear
166,2024-05-16 22:00:00+00:00,136209,151.87218400144843,triangulated_linear
167,2024-05-16 23:00:00+00:00,106481,121.04799851581828,triangulated_linear
