grid_request_id,num_prefill_tokens,num_decode_tokens,request_execution_time,request_model_execution_time,request_scheduling_delay,request_preemption_time
0,1,1,0.0161971486977024,0.0161971486977024,0.0,0.0
1,1,2,0.0319904573954049,0.0319904573954049,0.0,0.0
2,1,4,0.0635770747908099,0.0635770747908099,0.0,0.0
3,1,8,0.1267503095816197,0.1267503095816197,0.0,0.0
4,1,16,0.2530967791632394,0.2530967791632394,0.0,0.0
5,1,32,0.5057897183264788,0.5057897183264788,0.0,0.0
6,1,64,1.0111755966529574,1.0111755966529574,0.0,0.0
7,1,128,2.0373073533059163,2.0373073533059163,0.0,0.0
8,1,256,4.085816199945179,4.085816199945179,0.0,0.0
9,1,512,8.184697573223639,8.184697573223639,0.0,0.0
10,1,1024,16.40329530644733,16.40329530644733,0.0,0.0
11,1,2048,32.97529544252468,32.97529544252468,0.0,0.0
12,1,3072,49.66180760230629,49.66180760230629,0.0,0.0
13,1,4095,66.45007834672278,66.45007834672278,0.0,0.0
14,2,1,0.0161971486977024,0.0161971486977024,0.0,0.0
15,2,2,0.0319904573954049,0.0319904573954049,0.0,0.0
16,2,4,0.0635770747908099,0.0635770747908099,0.0,0.0
17,2,8,0.1267503095816197,0.1267503095816197,0.0,0.0
18,2,16,0.2530967791632394,0.2530967791632394,0.0,0.0
19,2,32,0.5057897183264788,0.5057897183264788,0.0,0.0
20,2,64,1.0114155966529574,1.0114155966529574,0.0,0.0
21,2,128,2.0375473533059165,2.0375473533059165,0.0,0.0
22,2,256,4.085985053278513,4.085985053278513,0.0,0.0
23,2,512,8.184912506556973,8.184912506556973,0.0,0.0
24,2,1024,16.403615199780663,16.403615199780663,0.0,0.0
25,2,2048,32.97572168252468,32.97572168252468,0.0,0.0
26,2,3072,49.66236760230629,49.66236760230629,0.0,0.0
27,4,1,0.0161971486977024,0.0161971486977024,0.0,0.0
28,4,2,0.0319904573954049,0.0319904573954049,0.0,0.0
29,4,4,0.0635770747908099,0.0635770747908099,0.0,0.0
30,4,8,0.1267503095816197,0.1267503095816197,0.0,0.0
31,4,16,0.2530967791632394,0.2530967791632394,0.0,0.0
32,4,32,0.5057897183264788,0.5057897183264788,0.0,0.0
33,4,64,1.0118955966529577,1.0118955966529577,0.0,0.0
34,4,128,2.038027353305917,2.038027353305917,0.0,0.0
35,4,256,4.08632275994518,4.08632275994518,0.0,0.0
36,4,512,8.18534237322364,8.18534237322364,0.0,0.0
37,4,1024,16.404254986447327,16.404254986447327,0.0,0.0
38,4,2048,32.976574162524685,32.976574162524685,0.0,0.0
39,4,3072,49.66348760230629,49.66348760230629,0.0,0.0
40,8,1,0.0161971486977024,0.0161971486977024,0.0,0.0
41,8,2,0.0319904573954049,0.0319904573954049,0.0,0.0
42,8,4,0.0635770747908099,0.0635770747908099,0.0,0.0
43,8,8,0.1267503095816197,0.1267503095816197,0.0,0.0
44,8,16,0.2530967791632394,0.2530967791632394,0.0,0.0
45,8,32,0.5057897183264788,0.5057897183264788,0.0,0.0
46,8,64,1.0128555966529575,1.0128555966529575,0.0,0.0
47,8,128,2.0389873533059166,2.0389873533059166,0.0,0.0
48,8,256,4.086998173278514,4.086998173278514,0.0,0.0
49,8,512,8.186202106556978,8.186202106556978,0.0,0.0
50,8,1024,16.405534559780655,16.405534559780655,0.0,0.0
51,8,2048,32.97827912252469,32.97827912252469,0.0,0.0
52,8,3072,49.66572760230628,49.66572760230628,0.0,0.0
53,16,1,0.0187847327420938,0.0187847327420938,0.0,0.0
54,16,2,0.0345780414397963,0.0345780414397963,0.0,0.0
55,16,4,0.0661646588352013,0.0661646588352013,0.0,0.0
56,16,8,0.1293378936260112,0.1293378936260112,0.0,0.0
57,16,16,0.2556843632076309,0.2556843632076309,0.0,0.0
58,16,32,0.5083773023708702,0.5083773023708702,0.0,0.0
59,16,64,1.017363180697349,1.017363180697349,0.0,0.0
60,16,128,2.043494937350308,2.043494937350308,0.0,0.0
61,16,256,4.090936583989569,4.090936583989569,0.0,0.0
62,16,512,8.190509157268034,8.190509157268034,0.0,0.0
63,16,1024,16.410681290491695,16.410681290491695,0.0,0.0
64,16,2048,32.984276626569084,32.984276626569084,0.0,0.0
65,16,3072,49.672795186350655,49.672795186350655,0.0,0.0
66,32,1,0.0181269664402676,0.0181269664402676,0.0,0.0
67,32,2,0.03392027513797,0.03392027513797,0.0,0.0
68,32,4,0.065506892533375,0.065506892533375,0.0,0.0
69,32,8,0.1286801273241849,0.1286801273241849,0.0,0.0
70,32,16,0.2550265969058046,0.2550265969058046,0.0,0.0
71,32,32,0.507719536069044,0.507719536069044,0.0,0.0
72,32,64,1.0205454143955233,1.0205454143955233,0.0,0.0
73,32,128,2.0466771710484823,2.0466771710484823,0.0,0.0
74,32,256,4.092980471021072,4.092980471021072,0.0,0.0
75,32,512,8.193290324299534,8.193290324299534,0.0,0.0
76,32,1024,16.415141817523175,16.415141817523175,0.0,0.0
77,32,2048,32.99043870026727,32.99043870026727,0.0,0.0
78,32,3072,49.68109742004879,49.68109742004879,0.0,0.0
79,64,1,0.0185756213876906,0.0185756213876906,0.0,0.0
80,64,2,0.0346089300853931,0.0346089300853931,0.0,0.0
81,64,4,0.0666755474807981,0.0666755474807981,0.0,0.0
82,64,8,0.130808782271608,0.130808782271608,0.0,0.0
83,64,16,0.2590752518532279,0.2590752518532279,0.0,0.0
84,64,32,0.5156081910164675,0.5156081910164675,0.0,0.0
85,64,64,1.0286740693429468,1.0286740693429468,0.0,0.0
86,64,128,2.054805825995906,2.054805825995906,0.0,0.0
87,64,256,4.098832432635152,4.098832432635152,0.0,0.0
88,64,512,8.200616845913606,8.200616845913606,0.0,0.0
89,64,1024,16.42582705913724,16.42582705913724,0.0,0.0
90,64,2048,33.00452703521475,33.00452703521475,0.0,0.0
91,64,3072,49.69946607499618,49.69946607499618,0.0,0.0
92,128,1,0.0207443978080564,0.0207443978080564,0.0,0.0
93,128,2,0.0367777065057589,0.0367777065057589,0.0,0.0
94,128,4,0.0688443239011639,0.0688443239011639,0.0,0.0
95,128,8,0.1329775586919738,0.1329775586919738,0.0,0.0
96,128,16,0.2612440282735936,0.2612440282735936,0.0,0.0
97,128,32,0.5177769674368333,0.5177769674368333,0.0,0.0
98,128,64,1.0308428457633123,1.0308428457633123,0.0,0.0
99,128,128,2.053278602416272,2.053278602416272,0.0,0.0
100,128,256,4.100809102388844,4.100809102388844,0.0,0.0
101,128,512,8.201739115667301,8.201739115667301,0.0,0.0
102,128,1024,16.43333076889099,16.43333076889099,0.0,0.0
103,128,2048,33.02137037163479,33.02137037163479,0.0,0.0
104,128,3072,49.72220893141654,49.72220893141654,0.0,0.0
105,256,1,0.0246080547249202,0.0246080547249202,0.0,0.0
106,256,2,0.040570216755956,0.040570216755956,0.0,0.0
107,256,4,0.0724945408180276,0.0724945408180276,0.0,0.0
108,256,8,0.1363431889421709,0.1363431889421709,0.0,0.0
109,256,16,0.2640404851904574,0.2640404851904574,0.0,0.0
110,256,32,0.5194350776870301,0.5194350776870301,0.0,0.0
111,256,64,1.030224262680177,1.030224262680177,0.0,0.0
112,256,128,2.0561639126664626,2.0561639126664626,0.0,0.0
113,256,256,4.107469879305712,4.107469879305712,0.0,0.0
114,256,512,8.214343679250906,8.214343679250906,0.0,0.0
115,256,1024,16.45682525247456,16.45682525247456,0.0,0.0
116,256,2048,33.059657708551995,33.059657708551995,0.0,0.0
117,256,3072,49.77134352166729,49.77134352166729,0.0,0.0
118,512,1,0.0359966428476673,0.0359966428476673,0.0,0.0
119,512,2,0.0520048848787032,0.0520048848787032,0.0,0.0
120,512,4,0.0840213689407748,0.0840213689407748,0.0,0.0
121,512,8,0.1480543370649181,0.1480543370649181,0.0,0.0
122,512,16,0.2761202733132046,0.2761202733132046,0.0,0.0
123,512,32,0.5322521458097773,0.5322521458097773,0.0,0.0
124,512,64,1.0445158908029228,1.0445158908029228,0.0,0.0
125,512,128,2.06960114078922,2.06960114078922,0.0,0.0
126,512,256,4.126850894095142,4.126850894095142,0.0,0.0
127,512,512,8.238482454040303,8.238482454040303,0.0,0.0
128,512,1024,16.51461202726412,16.51461202726412,0.0,0.0
129,512,2048,33.13813195000808,33.13813195000808,0.0,0.0
130,512,3072,49.88582853645568,49.88582853645568,0.0,0.0
131,1024,1,0.0732321656953347,0.0732321656953347,0.0,0.0
132,1024,2,0.0893453677263705,0.0893453677263705,0.0,0.0
133,1024,4,0.1215717717884422,0.1215717717884422,0.0,0.0
134,1024,8,0.1860245799125854,0.1860245799125854,0.0,0.0
135,1024,16,0.3149301961608717,0.3149301961608717,0.0,0.0
136,1024,32,0.5727414286574445,0.5727414286574445,0.0,0.0
137,1024,64,1.0883638936505906,1.0883638936505906,0.0,0.0
138,1024,128,2.1198305836368845,2.1198305836368845,0.0,0.0
139,1024,256,4.1879702569428,4.1879702569428,0.0,0.0
140,1024,512,8.333249816887971,8.333249816887971,0.0,0.0
141,1024,1024,16.628982033074617,16.628982033074617,0.0,0.0
142,1024,2048,33.31539083285516,33.31539083285516,0.0,0.0
143,1024,3072,50.12001520596951,50.12001520596951,0.0,0.0
144,2048,1,0.1488622982478124,0.1488622982478124,0.0,0.0
145,2048,2,0.1650818469455149,0.1650818469455149,0.0,0.0
146,2048,4,0.1975209443409198,0.1975209443409198,0.0,0.0
147,2048,8,0.2623991391317298,0.2623991391317298,0.0,0.0
148,2048,16,0.3921555287133496,0.3921555287133496,0.0,0.0
149,2048,32,0.6516683078765892,0.6516683078765892,0.0,0.0
150,2048,64,1.1706938662030677,1.1706938662030677,0.0,0.0
151,2048,128,2.211500182856024,2.211500182856024,0.0,0.0
152,2048,256,4.294432709495261,4.294432709495261,0.0,0.0
153,2048,512,8.460399736106986,8.460399736106986,0.0,0.0
154,2048,1024,16.819020829330647,16.819020829330647,0.0,0.0
155,2048,2048,33.62364520244432,33.62364520244432,0.0,0.0
156,3072,1,0.2260122239431472,0.2260122239431472,0.0,0.0
157,3072,2,0.2423655326408497,0.2423655326408497,0.0,0.0
158,3072,4,0.2750721500362546,0.2750721500362546,0.0,0.0
159,3072,8,0.3404853848270645,0.3404853848270645,0.0,0.0
160,3072,16,0.4713118544086841,0.4713118544086841,0.0,0.0
161,3072,32,0.7329647935719236,0.7329647935719236,0.0,0.0
162,3072,64,1.256270671898404,1.256270671898404,0.0,0.0
163,3072,128,2.302976508551365,2.302976508551365,0.0,0.0
164,3072,256,4.39675628852395,4.39675628852395,0.0,0.0
165,3072,512,8.598734088469204,8.598734088469204,0.0,0.0
166,3072,1024,17.014282968359645,17.014282968359645,0.0,0.0
167,4095,1,0.304628709638482,0.304628709638482,0.0,0.0
