trace_timestamp_anonymized,request_count,service_accelerator_hours,succeed_request_count,failed_request_count,unfinished_request_count,hour_index
2024-11-15 16:00:00,1.0,0.008888888888888889,1.0,0.0,0.0,0
2024-11-15 17:00:00,0.0,0.0,0.0,0.0,0.0,1
2024-11-15 18:00:00,21.0,0.1625,21.0,0.0,0.0,2
2024-11-15 19:00:00,18.0,0.1988888888888889,18.0,0.0,0.0,3
2024-11-15 20:00:00,4.0,0.057499999999999996,4.0,0.0,0.0,4
2024-11-15 21:00:00,1.0,0.0075,1.0,0.0,0.0,5
2024-11-15 22:00:00,42.0,0.18972222222222224,42.0,0.0,0.0,6
2024-11-15 23:00:00,2.0,0.01,2.0,0.0,0.0,7
2024-11-16 00:00:00,0.0,0.0,0.0,0.0,0.0,8
2024-11-16 01:00:00,8.0,0.04527777777777778,8.0,0.0,0.0,9
2024-11-16 02:00:00,6.0,0.043055555555555555,6.0,0.0,0.0,10
2024-11-16 03:00:00,0.0,0.0,0.0,0.0,0.0,11
2024-11-16 04:00:00,0.0,0.0,0.0,0.0,0.0,12
2024-11-16 05:00:00,0.0,0.0,0.0,0.0,0.0,13
2024-11-16 06:00:00,0.0,0.0,0.0,0.0,0.0,14
2024-11-16 07:00:00,0.0,0.0,0.0,0.0,0.0,15
2024-11-16 08:00:00,0.0,0.0,0.0,0.0,0.0,16
2024-11-16 09:00:00,0.0,0.0,0.0,0.0,0.0,17
2024-11-16 10:00:00,0.0,0.0,0.0,0.0,0.0,18
2024-11-16 11:00:00,0.0,0.0,0.0,0.0,0.0,19
2024-11-16 12:00:00,0.0,0.0,0.0,0.0,0.0,20
2024-11-16 13:00:00,0.0,0.0,0.0,0.0,0.0,21
2024-11-16 14:00:00,0.0,0.0,0.0,0.0,0.0,22
2024-11-16 15:00:00,1.0,0.006944444444444444,1.0,0.0,0.0,23
2024-11-16 16:00:00,2.0,0.022222222222222223,2.0,0.0,0.0,24
2024-11-16 17:00:00,0.0,0.0,0.0,0.0,0.0,25
2024-11-16 18:00:00,0.0,0.0,0.0,0.0,0.0,26
2024-11-16 19:00:00,4.0,0.025277777777777777,4.0,0.0,0.0,27
2024-11-16 20:00:00,0.0,0.0,0.0,0.0,0.0,28
2024-11-16 21:00:00,18.0,0.08777777777777777,18.0,0.0,0.0,29
2024-11-16 22:00:00,39.0,0.38583333333333336,39.0,0.0,0.0,30
2024-11-16 23:00:00,15.0,0.1613888888888889,15.0,0.0,0.0,31
2024-11-17 00:00:00,2.0,0.012222222222222221,2.0,0.0,0.0,32
2024-11-17 01:00:00,0.0,0.0,0.0,0.0,0.0,33
2024-11-17 02:00:00,1.0,0.006111111111111111,1.0,0.0,0.0,34
2024-11-17 03:00:00,11.0,0.05611111111111111,11.0,0.0,0.0,35
2024-11-17 04:00:00,6.0,0.024444444444444446,4.0,2.0,0.0,36
2024-11-17 05:00:00,1.0,0.0038888888888888888,1.0,0.0,0.0,37
2024-11-17 06:00:00,0.0,0.0,0.0,0.0,0.0,38
2024-11-17 07:00:00,0.0,0.0,0.0,0.0,0.0,39
2024-11-17 08:00:00,0.0,0.0,0.0,0.0,0.0,40
2024-11-17 09:00:00,0.0,0.0,0.0,0.0,0.0,41
2024-11-17 10:00:00,0.0,0.0,0.0,0.0,0.0,42
2024-11-17 11:00:00,0.0,0.0,0.0,0.0,0.0,43
2024-11-17 12:00:00,0.0,0.0,0.0,0.0,0.0,44
2024-11-17 13:00:00,0.0,0.0,0.0,0.0,0.0,45
2024-11-17 14:00:00,0.0,0.0,0.0,0.0,0.0,46
2024-11-17 15:00:00,0.0,0.0,0.0,0.0,0.0,47
2024-11-17 16:00:00,0.0,0.0,0.0,0.0,0.0,48
2024-11-17 17:00:00,1.0,0.0077777777777777776,1.0,0.0,0.0,49
2024-11-17 18:00:00,10.0,0.06944444444444445,10.0,0.0,0.0,50
2024-11-17 19:00:00,5.0,0.029722222222222223,5.0,0.0,0.0,51
2024-11-17 20:00:00,0.0,0.0,0.0,0.0,0.0,52
2024-11-17 21:00:00,30.0,0.20777777777777778,30.0,0.0,0.0,53
2024-11-17 22:00:00,19.0,0.15305555555555556,19.0,0.0,0.0,54
2024-11-17 23:00:00,0.0,0.0,0.0,0.0,0.0,55
2024-11-18 00:00:00,4.0,0.017222222222222222,4.0,0.0,0.0,56
2024-11-18 01:00:00,0.0,0.0,0.0,0.0,0.0,57
2024-11-18 02:00:00,6.0,0.023055555555555555,6.0,0.0,0.0,58
2024-11-18 03:00:00,25.0,0.09972222222222223,22.0,3.0,0.0,59
2024-11-18 04:00:00,0.0,0.0,0.0,0.0,0.0,60
2024-11-18 05:00:00,0.0,0.0,0.0,0.0,0.0,61
2024-11-18 06:00:00,1.0,0.0044444444444444444,1.0,0.0,0.0,62
2024-11-18 07:00:00,8.0,0.028888888888888888,8.0,0.0,0.0,63
2024-11-18 08:00:00,0.0,0.0,0.0,0.0,0.0,64
2024-11-18 09:00:00,5.0,0.020833333333333336,5.0,0.0,0.0,65
2024-11-18 10:00:00,0.0,0.0,0.0,0.0,0.0,66
2024-11-18 11:00:00,0.0,0.0,0.0,0.0,0.0,67
2024-11-18 12:00:00,0.0,0.0,0.0,0.0,0.0,68
2024-11-18 13:00:00,0.0,0.0,0.0,0.0,0.0,69
2024-11-18 14:00:00,0.0,0.0,0.0,0.0,0.0,70
2024-11-18 15:00:00,0.0,0.0,0.0,0.0,0.0,71
2024-11-18 16:00:00,0.0,0.0,0.0,0.0,0.0,72
2024-11-18 17:00:00,1.0,0.008888888888888889,1.0,0.0,0.0,73
2024-11-18 18:00:00,1.0,0.01138888888888889,1.0,0.0,0.0,74
2024-11-18 19:00:00,0.0,0.0,0.0,0.0,0.0,75
2024-11-18 20:00:00,0.0,0.0,0.0,0.0,0.0,76
2024-11-18 21:00:00,7.0,0.04027777777777777,5.0,2.0,0.0,77
2024-11-18 22:00:00,0.0,0.0,0.0,0.0,0.0,78
2024-11-18 23:00:00,5.0,0.03138888888888889,5.0,0.0,0.0,79
2024-11-19 00:00:00,0.0,0.0,0.0,0.0,0.0,80
2024-11-19 01:00:00,14.0,0.12277777777777778,14.0,0.0,0.0,81
2024-11-19 02:00:00,1.0,0.006666666666666667,1.0,0.0,0.0,82
2024-11-19 03:00:00,2.0,0.024722222222222222,2.0,0.0,0.0,83
2024-11-19 04:00:00,6.0,0.07444444444444445,6.0,0.0,0.0,84
2024-11-19 05:00:00,6.0,0.028055555555555556,6.0,0.0,0.0,85
2024-11-19 06:00:00,0.0,0.0,0.0,0.0,0.0,86
2024-11-19 07:00:00,0.0,0.0,0.0,0.0,0.0,87
2024-11-19 08:00:00,0.0,0.0,0.0,0.0,0.0,88
2024-11-19 09:00:00,0.0,0.0,0.0,0.0,0.0,89
2024-11-19 10:00:00,0.0,0.0,0.0,0.0,0.0,90
2024-11-19 11:00:00,0.0,0.0,0.0,0.0,0.0,91
2024-11-19 12:00:00,0.0,0.0,0.0,0.0,0.0,92
2024-11-19 13:00:00,0.0,0.0,0.0,0.0,0.0,93
2024-11-19 14:00:00,0.0,0.0,0.0,0.0,0.0,94
2024-11-19 15:00:00,0.0,0.0,0.0,0.0,0.0,95
2024-11-19 16:00:00,24.0,0.16916666666666666,24.0,0.0,0.0,96
2024-11-19 17:00:00,58.0,0.32083333333333336,58.0,0.0,0.0,97
2024-11-19 18:00:00,82.0,0.44333333333333336,80.0,2.0,0.0,98
2024-11-19 19:00:00,12.0,0.059166666666666666,12.0,0.0,0.0,99
2024-11-19 20:00:00,32.0,0.205,32.0,0.0,0.0,100
2024-11-19 21:00:00,148.0,0.9347222222222222,148.0,0.0,0.0,101
2024-11-19 22:00:00,115.0,0.7355555555555555,115.0,0.0,0.0,102
2024-11-19 23:00:00,63.0,0.40194444444444444,63.0,0.0,0.0,103
2024-11-20 00:00:00,80.0,0.4061111111111111,80.0,0.0,0.0,104
2024-11-20 01:00:00,29.0,0.21222222222222223,29.0,0.0,0.0,105
2024-11-20 02:00:00,37.0,0.17694444444444446,37.0,0.0,0.0,106
2024-11-20 03:00:00,56.0,0.2852777777777778,53.0,3.0,0.0,107
2024-11-20 04:00:00,5.0,0.028055555555555556,5.0,0.0,0.0,108
2024-11-20 05:00:00,2.0,0.03027777777777778,2.0,0.0,0.0,109
2024-11-20 06:00:00,1.0,0.003611111111111111,1.0,0.0,0.0,110
2024-11-20 07:00:00,0.0,0.0,0.0,0.0,0.0,111
2024-11-20 08:00:00,11.0,0.13194444444444445,11.0,0.0,0.0,112
2024-11-20 09:00:00,3.0,0.016944444444444446,3.0,0.0,0.0,113
2024-11-20 10:00:00,0.0,0.0,0.0,0.0,0.0,114
2024-11-20 11:00:00,0.0,0.0,0.0,0.0,0.0,115
2024-11-20 12:00:00,0.0,0.0,0.0,0.0,0.0,116
2024-11-20 13:00:00,0.0,0.0,0.0,0.0,0.0,117
2024-11-20 14:00:00,0.0,0.0,0.0,0.0,0.0,118
2024-11-20 15:00:00,0.0,0.0,0.0,0.0,0.0,119
2024-11-20 16:00:00,20.0,0.21138888888888888,20.0,0.0,0.0,120
2024-11-20 17:00:00,95.0,0.5936111111111111,92.0,3.0,0.0,121
2024-11-20 18:00:00,184.0,1.3105555555555555,181.0,3.0,0.0,122
2024-11-20 19:00:00,13.0,0.14444444444444443,13.0,0.0,0.0,123
2024-11-20 20:00:00,30.0,0.1786111111111111,30.0,0.0,0.0,124
2024-11-20 21:00:00,189.0,1.3411111111111111,189.0,0.0,0.0,125
2024-11-20 22:00:00,151.0,1.073888888888889,149.0,2.0,0.0,126
2024-11-20 23:00:00,208.0,1.2252777777777777,200.0,8.0,0.0,127
2024-11-21 00:00:00,355.0,2.269722222222222,350.0,5.0,0.0,128
2024-11-21 01:00:00,73.0,0.48583333333333334,69.0,4.0,0.0,129
2024-11-21 02:00:00,29.0,0.2036111111111111,29.0,0.0,0.0,130
2024-11-21 03:00:00,34.0,0.3277777777777778,34.0,0.0,0.0,131
2024-11-21 04:00:00,7.0,0.045,7.0,0.0,0.0,132
2024-11-21 05:00:00,7.0,0.05555555555555555,7.0,0.0,0.0,133
2024-11-21 06:00:00,1.0,0.006666666666666667,1.0,0.0,0.0,134
2024-11-21 07:00:00,0.0,0.0,0.0,0.0,0.0,135
2024-11-21 08:00:00,0.0,0.0,0.0,0.0,0.0,136
2024-11-21 09:00:00,0.0,0.0,0.0,0.0,0.0,137
2024-11-21 10:00:00,0.0,0.0,0.0,0.0,0.0,138
2024-11-21 11:00:00,0.0,0.0,0.0,0.0,0.0,139
2024-11-21 12:00:00,0.0,0.0,0.0,0.0,0.0,140
2024-11-21 13:00:00,0.0,0.0,0.0,0.0,0.0,141
2024-11-21 14:00:00,0.0,0.0,0.0,0.0,0.0,142
2024-11-21 15:00:00,0.0,0.0,0.0,0.0,0.0,143
2024-11-21 16:00:00,67.0,0.43083333333333335,67.0,0.0,0.0,144
2024-11-21 17:00:00,155.0,0.9516666666666667,143.0,12.0,0.0,145
2024-11-21 18:00:00,169.0,0.8455555555555556,168.0,1.0,0.0,146
2024-11-21 19:00:00,17.0,0.10138888888888889,17.0,0.0,0.0,147
2024-11-21 20:00:00,58.0,0.3675,56.0,2.0,0.0,148
2024-11-21 21:00:00,238.0,1.5055555555555555,230.0,8.0,0.0,149
2024-11-21 22:00:00,141.0,1.013611111111111,137.0,4.0,0.0,150
2024-11-21 23:00:00,248.0,1.7722222222222221,240.0,8.0,0.0,151
2024-11-22 00:00:00,195.0,1.4102777777777777,194.0,1.0,0.0,152
2024-11-22 01:00:00,56.0,0.34944444444444445,56.0,0.0,0.0,153
2024-11-22 02:00:00,68.0,0.36444444444444446,68.0,0.0,0.0,154
2024-11-22 03:00:00,29.0,0.19416666666666668,29.0,0.0,0.0,155
2024-11-22 04:00:00,21.0,0.3522222222222222,21.0,0.0,0.0,156
2024-11-22 05:00:00,9.0,0.042777777777777776,9.0,0.0,0.0,157
2024-11-22 06:00:00,0.0,0.0,0.0,0.0,0.0,158
2024-11-22 07:00:00,0.0,0.0,0.0,0.0,0.0,159
2024-11-22 08:00:00,35.0,0.1788888888888889,31.0,4.0,0.0,160
2024-11-22 09:00:00,27.0,0.11166666666666666,27.0,0.0,0.0,161
2024-11-22 10:00:00,0.0,0.0,0.0,0.0,0.0,162
2024-11-22 11:00:00,0.0,0.0,0.0,0.0,0.0,163
2024-11-22 12:00:00,0.0,0.0,0.0,0.0,0.0,164
2024-11-22 13:00:00,0.0,0.0,0.0,0.0,0.0,165
2024-11-22 14:00:00,3.0,0.021388888888888888,3.0,0.0,0.0,166
2024-11-22 15:00:00,10.0,0.07972222222222222,10.0,0.0,0.0,167
2024-11-22 16:00:00,22.0,0.1988888888888889,21.0,1.0,0.0,168
2024-11-22 17:00:00,87.0,0.7669444444444444,86.0,1.0,0.0,169
2024-11-22 18:00:00,107.0,0.7352777777777778,107.0,0.0,0.0,170
2024-11-22 19:00:00,50.0,0.2936111111111111,44.0,6.0,0.0,171
2024-11-22 20:00:00,52.0,0.3638888888888889,48.0,4.0,0.0,172
2024-11-22 21:00:00,154.0,0.8269444444444445,154.0,0.0,0.0,173
2024-11-22 22:00:00,223.0,1.4041666666666668,223.0,0.0,0.0,174
2024-11-22 23:00:00,324.0,2.027222222222222,319.0,5.0,0.0,175
2024-11-23 00:00:00,277.0,2.2225,269.0,8.0,0.0,176
2024-11-23 01:00:00,67.0,0.6977777777777778,63.0,4.0,0.0,177
2024-11-23 02:00:00,10.0,0.2561111111111111,10.0,0.0,0.0,178
2024-11-23 03:00:00,16.0,0.6847222222222222,16.0,0.0,0.0,179
2024-11-23 04:00:00,31.0,0.30972222222222223,31.0,0.0,0.0,180
2024-11-23 05:00:00,4.0,0.08888888888888889,4.0,0.0,0.0,181
2024-11-23 06:00:00,5.0,0.06138888888888889,5.0,0.0,0.0,182
2024-11-23 07:00:00,1.0,0.0077777777777777776,1.0,0.0,0.0,183
2024-11-23 08:00:00,0.0,0.0,0.0,0.0,0.0,184
2024-11-23 09:00:00,0.0,0.0,0.0,0.0,0.0,185
2024-11-23 10:00:00,0.0,0.0,0.0,0.0,0.0,186
2024-11-23 11:00:00,0.0,0.0,0.0,0.0,0.0,187
2024-11-23 12:00:00,0.0,0.0,0.0,0.0,0.0,188
2024-11-23 13:00:00,0.0,0.0,0.0,0.0,0.0,189
2024-11-23 14:00:00,0.0,0.0,0.0,0.0,0.0,190
2024-11-23 15:00:00,0.0,0.0,0.0,0.0,0.0,191
2024-11-23 16:00:00,0.0,0.0,0.0,0.0,0.0,192
2024-11-23 17:00:00,0.0,0.0,0.0,0.0,0.0,193
2024-11-23 18:00:00,6.0,0.03194444444444444,6.0,0.0,0.0,194
2024-11-23 19:00:00,1.0,0.004166666666666667,1.0,0.0,0.0,195
2024-11-23 20:00:00,0.0,0.0,0.0,0.0,0.0,196
2024-11-23 21:00:00,9.0,0.060833333333333336,9.0,0.0,0.0,197
2024-11-23 22:00:00,4.0,0.02388888888888889,4.0,0.0,0.0,198
2024-11-23 23:00:00,0.0,0.0,0.0,0.0,0.0,199
2024-11-24 00:00:00,14.0,0.08444444444444445,14.0,0.0,0.0,200
2024-11-24 01:00:00,2.0,0.011666666666666667,2.0,0.0,0.0,201
2024-11-24 02:00:00,0.0,0.0,0.0,0.0,0.0,202
2024-11-24 03:00:00,0.0,0.0,0.0,0.0,0.0,203
2024-11-24 04:00:00,12.0,0.06,12.0,0.0,0.0,204
2024-11-24 05:00:00,9.0,0.05138888888888889,9.0,0.0,0.0,205
2024-11-24 06:00:00,18.0,0.11861111111111111,18.0,0.0,0.0,206
2024-11-24 07:00:00,3.0,0.04055555555555555,3.0,0.0,0.0,207
2024-11-24 08:00:00,7.0,0.09194444444444444,7.0,0.0,0.0,208
2024-11-24 09:00:00,0.0,0.0,0.0,0.0,0.0,209
2024-11-24 10:00:00,0.0,0.0,0.0,0.0,0.0,210
2024-11-24 11:00:00,0.0,0.0,0.0,0.0,0.0,211
2024-11-24 12:00:00,0.0,0.0,0.0,0.0,0.0,212
2024-11-24 13:00:00,0.0,0.0,0.0,0.0,0.0,213
2024-11-24 14:00:00,0.0,0.0,0.0,0.0,0.0,214
2024-11-24 15:00:00,0.0,0.0,0.0,0.0,0.0,215
2024-11-24 16:00:00,32.0,0.24444444444444446,32.0,0.0,0.0,216
2024-11-24 17:00:00,124.0,1.14,123.0,1.0,0.0,217
2024-11-24 18:00:00,182.0,1.315,181.0,1.0,0.0,218
2024-11-24 19:00:00,19.0,0.1175,16.0,3.0,0.0,219
2024-11-24 20:00:00,54.0,0.36777777777777776,54.0,0.0,0.0,220
2024-11-24 21:00:00,246.0,2.0613888888888887,242.0,4.0,0.0,221
2024-11-24 22:00:00,234.0,1.775,233.0,1.0,0.0,222
2024-11-24 23:00:00,204.0,1.4513888888888888,204.0,0.0,0.0,223
2024-11-25 00:00:00,162.0,1.1905555555555556,162.0,0.0,0.0,224
2024-11-25 01:00:00,41.0,0.2772222222222222,41.0,0.0,0.0,225
2024-11-25 02:00:00,56.0,0.5027777777777778,56.0,0.0,0.0,226
2024-11-25 03:00:00,38.0,0.22111111111111112,36.0,2.0,0.0,227
2024-11-25 04:00:00,45.0,0.6502777777777777,45.0,0.0,0.0,228
2024-11-25 05:00:00,15.0,0.08694444444444445,15.0,0.0,0.0,229
2024-11-25 06:00:00,33.0,0.2311111111111111,33.0,0.0,0.0,230
2024-11-25 07:00:00,15.0,0.06777777777777777,15.0,0.0,0.0,231
2024-11-25 08:00:00,0.0,0.0,0.0,0.0,0.0,232
2024-11-25 09:00:00,2.0,0.01,2.0,0.0,0.0,233
2024-11-25 10:00:00,10.0,0.04027777777777778,10.0,0.0,0.0,234
2024-11-25 11:00:00,0.0,0.0,0.0,0.0,0.0,235
2024-11-25 12:00:00,0.0,0.0,0.0,0.0,0.0,236
2024-11-25 13:00:00,0.0,0.0,0.0,0.0,0.0,237
2024-11-25 14:00:00,0.0,0.0,0.0,0.0,0.0,238
2024-11-25 15:00:00,3.0,0.03361111111111111,3.0,0.0,0.0,239
2024-11-25 16:00:00,17.0,0.15638888888888888,17.0,0.0,0.0,240
2024-11-25 17:00:00,129.0,1.1497222222222223,129.0,0.0,0.0,241
2024-11-25 18:00:00,169.0,1.4655555555555555,166.0,3.0,0.0,242
2024-11-25 19:00:00,18.0,0.12861111111111112,18.0,0.0,0.0,243
2024-11-25 20:00:00,57.0,0.47694444444444445,57.0,0.0,0.0,244
2024-11-25 21:00:00,204.0,1.6055555555555556,202.0,2.0,0.0,245
2024-11-25 22:00:00,256.0,1.7397222222222222,249.0,7.0,0.0,246
2024-11-25 23:00:00,215.0,1.3719444444444444,213.0,2.0,0.0,247
2024-11-26 00:00:00,261.0,1.6330555555555555,250.0,11.0,0.0,248
2024-11-26 01:00:00,45.0,0.22555555555555556,45.0,0.0,0.0,249
2024-11-26 02:00:00,57.0,0.4663888888888889,57.0,0.0,0.0,250
2024-11-26 03:00:00,84.0,0.508888888888889,81.0,3.0,0.0,251
2024-11-26 04:00:00,22.0,0.14472222222222222,22.0,0.0,0.0,252
2024-11-26 05:00:00,19.0,0.3466666666666667,19.0,0.0,0.0,253
2024-11-26 06:00:00,11.0,0.050833333333333335,11.0,0.0,0.0,254
2024-11-26 07:00:00,8.0,0.03666666666666667,8.0,0.0,0.0,255
2024-11-26 08:00:00,4.0,0.02666666666666667,4.0,0.0,0.0,256
2024-11-26 09:00:00,0.0,0.0,0.0,0.0,0.0,257
2024-11-26 10:00:00,14.0,0.06361111111111112,14.0,0.0,0.0,258
2024-11-26 11:00:00,0.0,0.0,0.0,0.0,0.0,259
2024-11-26 12:00:00,0.0,0.0,0.0,0.0,0.0,260
2024-11-26 13:00:00,0.0,0.0,0.0,0.0,0.0,261
2024-11-26 14:00:00,0.0,0.0,0.0,0.0,0.0,262
2024-11-26 15:00:00,2.0,0.015,2.0,0.0,0.0,263
2024-11-26 16:00:00,36.0,0.3263888888888889,36.0,0.0,0.0,264
2024-11-26 17:00:00,147.0,1.106111111111111,145.0,2.0,0.0,265
2024-11-26 18:00:00,197.0,1.7191666666666667,195.0,2.0,0.0,266
2024-11-26 19:00:00,55.0,0.44805555555555554,55.0,0.0,0.0,267
2024-11-26 20:00:00,58.0,0.41805555555555557,58.0,0.0,0.0,268
2024-11-26 21:00:00,220.0,1.9052777777777778,219.0,1.0,0.0,269
2024-11-26 22:00:00,286.0,2.327777777777778,276.0,10.0,0.0,270
2024-11-26 23:00:00,246.0,2.549166666666667,234.0,12.0,0.0,271
2024-11-27 00:00:00,210.0,2.128888888888889,203.0,7.0,0.0,272
2024-11-27 01:00:00,35.0,0.25166666666666665,35.0,0.0,0.0,273
2024-11-27 02:00:00,25.0,0.18722222222222223,25.0,0.0,0.0,274
2024-11-27 03:00:00,30.0,0.23583333333333334,30.0,0.0,0.0,275
2024-11-27 04:00:00,30.0,0.20500000000000002,30.0,0.0,0.0,276
2024-11-27 05:00:00,11.0,0.07833333333333334,11.0,0.0,0.0,277
2024-11-27 06:00:00,24.0,0.15694444444444444,24.0,0.0,0.0,278
2024-11-27 07:00:00,4.0,0.025277777777777777,4.0,0.0,0.0,279
2024-11-27 08:00:00,0.0,0.0,0.0,0.0,0.0,280
2024-11-27 09:00:00,2.0,0.010555555555555556,2.0,0.0,0.0,281
2024-11-27 10:00:00,1.0,0.005277777777777778,1.0,0.0,0.0,282
2024-11-27 11:00:00,2.0,0.021388888888888888,2.0,0.0,0.0,283
2024-11-27 12:00:00,0.0,0.0,0.0,0.0,0.0,284
2024-11-27 13:00:00,0.0,0.0,0.0,0.0,0.0,285
2024-11-27 14:00:00,0.0,0.0,0.0,0.0,0.0,286
2024-11-27 15:00:00,0.0,0.0,0.0,0.0,0.0,287
2024-11-27 16:00:00,34.0,0.2627777777777778,34.0,0.0,0.0,288
2024-11-27 17:00:00,133.0,1.2897222222222222,133.0,0.0,0.0,289
2024-11-27 18:00:00,161.0,1.7561111111111112,161.0,0.0,0.0,290
2024-11-27 19:00:00,22.0,0.18694444444444444,22.0,0.0,0.0,291
2024-11-27 20:00:00,72.0,0.4444444444444445,72.0,0.0,0.0,292
2024-11-27 21:00:00,169.0,1.395,169.0,0.0,0.0,293
2024-11-27 22:00:00,191.0,1.791388888888889,189.0,2.0,0.0,294
2024-11-27 23:00:00,195.0,1.4938888888888888,185.0,10.0,0.0,295
2024-11-28 00:00:00,231.0,1.6247222222222222,231.0,0.0,0.0,296
2024-11-28 01:00:00,88.0,0.6191666666666666,86.0,2.0,0.0,297
2024-11-28 02:00:00,89.0,0.62,89.0,0.0,0.0,298
2024-11-28 03:00:00,70.0,0.44305555555555554,70.0,0.0,0.0,299
2024-11-28 04:00:00,23.0,0.15333333333333335,23.0,0.0,0.0,300
2024-11-28 05:00:00,18.0,0.1502777777777778,18.0,0.0,0.0,301
2024-11-28 06:00:00,27.0,0.2638888888888889,27.0,0.0,0.0,302
2024-11-28 07:00:00,25.0,0.21305555555555555,25.0,0.0,0.0,303
2024-11-28 08:00:00,1.0,0.007222222222222222,1.0,0.0,0.0,304
2024-11-28 09:00:00,0.0,0.0,0.0,0.0,0.0,305
2024-11-28 10:00:00,0.0,0.0,0.0,0.0,0.0,306
2024-11-28 11:00:00,0.0,0.0,0.0,0.0,0.0,307
2024-11-28 12:00:00,0.0,0.0,0.0,0.0,0.0,308
2024-11-28 13:00:00,0.0,0.0,0.0,0.0,0.0,309
2024-11-28 14:00:00,0.0,0.0,0.0,0.0,0.0,310
2024-11-28 15:00:00,13.0,0.0875,13.0,0.0,0.0,311
2024-11-28 16:00:00,77.0,0.5336111111111111,77.0,0.0,0.0,312
2024-11-28 17:00:00,174.0,1.3797222222222223,160.0,14.0,0.0,313
2024-11-28 18:00:00,234.0,1.5872222222222223,230.0,4.0,0.0,314
2024-11-28 19:00:00,42.0,0.26305555555555554,41.0,1.0,0.0,315
2024-11-28 20:00:00,114.0,0.7252777777777778,104.0,10.0,0.0,316
2024-11-28 21:00:00,252.0,1.4397222222222223,249.0,3.0,0.0,317
2024-11-28 22:00:00,254.0,1.8322222222222222,251.0,3.0,0.0,318
2024-11-28 23:00:00,198.0,1.4913888888888889,196.0,2.0,0.0,319
2024-11-29 00:00:00,317.0,2.2377777777777776,315.0,2.0,0.0,320
2024-11-29 01:00:00,48.0,0.5633333333333334,48.0,0.0,0.0,321
2024-11-29 02:00:00,14.0,0.06166666666666667,14.0,0.0,0.0,322
2024-11-29 03:00:00,3.0,0.013611111111111112,3.0,0.0,0.0,323
2024-11-29 04:00:00,32.0,0.22944444444444445,32.0,0.0,0.0,324
2024-11-29 05:00:00,54.0,0.25027777777777777,54.0,0.0,0.0,325
2024-11-29 06:00:00,76.0,0.3836111111111111,76.0,0.0,0.0,326
2024-11-29 07:00:00,91.0,0.46,91.0,0.0,0.0,327
2024-11-29 08:00:00,12.0,0.07944444444444444,12.0,0.0,0.0,328
2024-11-29 09:00:00,1.0,0.007222222222222222,1.0,0.0,0.0,329
2024-11-29 10:00:00,0.0,0.0,0.0,0.0,0.0,330
2024-11-29 11:00:00,0.0,0.0,0.0,0.0,0.0,331
2024-11-29 12:00:00,0.0,0.0,0.0,0.0,0.0,332
2024-11-29 13:00:00,0.0,0.0,0.0,0.0,0.0,333
2024-11-29 14:00:00,0.0,0.0,0.0,0.0,0.0,334
2024-11-29 15:00:00,0.0,0.0,0.0,0.0,0.0,335
2024-11-29 16:00:00,5.0,0.03916666666666667,5.0,0.0,0.0,336
2024-11-29 17:00:00,11.0,0.0675,11.0,0.0,0.0,337
2024-11-29 18:00:00,15.0,0.11305555555555556,15.0,0.0,0.0,338
2024-11-29 19:00:00,8.0,0.03611111111111111,8.0,0.0,0.0,339
2024-11-29 20:00:00,30.0,0.23805555555555555,30.0,0.0,0.0,340
2024-11-29 21:00:00,22.0,0.13694444444444445,22.0,0.0,0.0,341
2024-11-29 22:00:00,18.0,0.1252777777777778,18.0,0.0,0.0,342
2024-11-29 23:00:00,34.0,0.26666666666666666,34.0,0.0,0.0,343
2024-11-30 00:00:00,47.0,0.3219444444444445,47.0,0.0,0.0,344
2024-11-30 01:00:00,28.0,0.15611111111111112,28.0,0.0,0.0,345
2024-11-30 02:00:00,13.0,0.07722222222222222,13.0,0.0,0.0,346
2024-11-30 03:00:00,9.0,0.0786111111111111,9.0,0.0,0.0,347
2024-11-30 04:00:00,36.0,0.16555555555555557,36.0,0.0,0.0,348
2024-11-30 05:00:00,14.0,0.05583333333333333,14.0,0.0,0.0,349
2024-11-30 06:00:00,12.0,0.09861111111111112,12.0,0.0,0.0,350
2024-11-30 07:00:00,4.0,0.020555555555555556,4.0,0.0,0.0,351
2024-11-30 08:00:00,0.0,0.0,0.0,0.0,0.0,352
2024-11-30 09:00:00,0.0,0.0,0.0,0.0,0.0,353
2024-11-30 10:00:00,0.0,0.0,0.0,0.0,0.0,354
2024-11-30 11:00:00,0.0,0.0,0.0,0.0,0.0,355
2024-11-30 12:00:00,0.0,0.0,0.0,0.0,0.0,356
2024-11-30 13:00:00,0.0,0.0,0.0,0.0,0.0,357
2024-11-30 14:00:00,0.0,0.0,0.0,0.0,0.0,358
2024-11-30 15:00:00,0.0,0.0,0.0,0.0,0.0,359
2024-11-30 16:00:00,2.0,0.016666666666666666,2.0,0.0,0.0,360
2024-11-30 17:00:00,5.0,0.03777777777777778,5.0,0.0,0.0,361
2024-11-30 18:00:00,13.0,0.10611111111111111,13.0,0.0,0.0,362
2024-11-30 19:00:00,25.0,0.1811111111111111,25.0,0.0,0.0,363
2024-11-30 20:00:00,2.0,0.01138888888888889,2.0,0.0,0.0,364
2024-11-30 21:00:00,6.0,0.030555555555555555,6.0,0.0,0.0,365
2024-11-30 22:00:00,16.0,0.1625,16.0,0.0,0.0,366
2024-11-30 23:00:00,35.0,0.2413888888888889,35.0,0.0,0.0,367
2024-12-01 00:00:00,24.0,0.15055555555555555,24.0,0.0,0.0,368
2024-12-01 01:00:00,10.0,0.05277777777777778,10.0,0.0,0.0,369
2024-12-01 02:00:00,26.0,0.1463888888888889,25.0,1.0,0.0,370
2024-12-01 03:00:00,28.0,0.21333333333333335,28.0,0.0,0.0,371
2024-12-01 04:00:00,49.0,0.3963888888888889,46.0,3.0,0.0,372
2024-12-01 05:00:00,2.0,0.008611111111111111,2.0,0.0,0.0,373
2024-12-01 06:00:00,15.0,0.13555555555555557,11.0,4.0,0.0,374
2024-12-01 07:00:00,25.0,0.15666666666666668,25.0,0.0,0.0,375
2024-12-01 08:00:00,0.0,0.0,0.0,0.0,0.0,376
2024-12-01 09:00:00,0.0,0.0,0.0,0.0,0.0,377
2024-12-01 10:00:00,0.0,0.0,0.0,0.0,0.0,378
2024-12-01 11:00:00,0.0,0.0,0.0,0.0,0.0,379
2024-12-01 12:00:00,0.0,0.0,0.0,0.0,0.0,380
2024-12-01 13:00:00,0.0,0.0,0.0,0.0,0.0,381
2024-12-01 14:00:00,0.0,0.0,0.0,0.0,0.0,382
2024-12-01 15:00:00,0.0,0.0,0.0,0.0,0.0,383
2024-12-01 16:00:00,14.0,0.10305555555555555,14.0,0.0,0.0,384
2024-12-01 17:00:00,135.0,1.1152777777777778,135.0,0.0,0.0,385
2024-12-01 18:00:00,195.0,1.8380555555555556,194.0,1.0,0.0,386
2024-12-01 19:00:00,22.0,0.23055555555555557,22.0,0.0,0.0,387
2024-12-01 20:00:00,123.0,0.8916666666666667,123.0,0.0,0.0,388
2024-12-01 21:00:00,282.0,2.2591666666666668,279.0,3.0,0.0,389
2024-12-01 22:00:00,197.0,1.5533333333333335,190.0,7.0,0.0,390
2024-12-01 23:00:00,202.0,1.4930555555555556,201.0,1.0,0.0,391
2024-12-02 00:00:00,196.0,1.5127777777777778,194.0,2.0,0.0,392
2024-12-02 01:00:00,51.0,0.46944444444444444,51.0,0.0,0.0,393
2024-12-02 02:00:00,136.0,1.0152777777777777,136.0,0.0,0.0,394
2024-12-02 03:00:00,99.0,0.7252777777777778,99.0,0.0,0.0,395
2024-12-02 04:00:00,54.0,0.43472222222222223,54.0,0.0,0.0,396
2024-12-02 05:00:00,29.0,0.4186111111111111,29.0,0.0,0.0,397
2024-12-02 06:00:00,19.0,0.14972222222222223,19.0,0.0,0.0,398
2024-12-02 07:00:00,12.0,0.0913888888888889,12.0,0.0,0.0,399
2024-12-02 08:00:00,6.0,0.05,6.0,0.0,0.0,400
2024-12-02 09:00:00,0.0,0.0,0.0,0.0,0.0,401
2024-12-02 10:00:00,0.0,0.0,0.0,0.0,0.0,402
2024-12-02 11:00:00,0.0,0.0,0.0,0.0,0.0,403
2024-12-02 12:00:00,0.0,0.0,0.0,0.0,0.0,404
2024-12-02 13:00:00,0.0,0.0,0.0,0.0,0.0,405
2024-12-02 14:00:00,0.0,0.0,0.0,0.0,0.0,406
2024-12-02 15:00:00,7.0,0.028888888888888888,7.0,0.0,0.0,407
2024-12-02 16:00:00,42.0,0.30666666666666664,42.0,0.0,0.0,408
2024-12-02 17:00:00,268.0,1.8580555555555556,259.0,9.0,0.0,409
2024-12-02 18:00:00,220.0,1.9075,217.0,3.0,0.0,410
2024-12-02 19:00:00,43.0,0.5247222222222222,43.0,0.0,0.0,411
2024-12-02 20:00:00,90.0,0.7483333333333333,90.0,0.0,0.0,412
2024-12-02 21:00:00,262.0,2.379722222222222,257.0,5.0,0.0,413
2024-12-02 22:00:00,243.0,2.336666666666667,241.0,2.0,0.0,414
2024-12-02 23:00:00,355.0,3.5275,349.0,6.0,0.0,415
2024-12-03 00:00:00,399.0,3.22,388.0,11.0,0.0,416
2024-12-03 01:00:00,157.0,1.1063888888888889,152.0,5.0,0.0,417
2024-12-03 02:00:00,170.0,1.186388888888889,167.0,3.0,0.0,418
2024-12-03 03:00:00,250.0,1.8291666666666666,245.0,5.0,0.0,419
2024-12-03 04:00:00,43.0,0.29194444444444445,43.0,0.0,0.0,420
2024-12-03 05:00:00,57.0,0.5072222222222222,57.0,0.0,0.0,421
2024-12-03 06:00:00,8.0,0.0761111111111111,8.0,0.0,0.0,422
2024-12-03 07:00:00,3.0,0.029444444444444443,3.0,0.0,0.0,423
2024-12-03 08:00:00,3.0,0.013333333333333332,3.0,0.0,0.0,424
2024-12-03 09:00:00,0.0,0.0,0.0,0.0,0.0,425
2024-12-03 10:00:00,0.0,0.0,0.0,0.0,0.0,426
2024-12-03 11:00:00,0.0,0.0,0.0,0.0,0.0,427
2024-12-03 12:00:00,0.0,0.0,0.0,0.0,0.0,428
2024-12-03 13:00:00,2.0,0.019722222222222224,2.0,0.0,0.0,429
2024-12-03 14:00:00,0.0,0.0,0.0,0.0,0.0,430
2024-12-03 15:00:00,4.0,0.03361111111111111,4.0,0.0,0.0,431
2024-12-03 16:00:00,99.0,1.1330555555555555,99.0,0.0,0.0,432
2024-12-03 17:00:00,274.0,2.566666666666667,274.0,0.0,0.0,433
2024-12-03 18:00:00,223.0,2.1213888888888888,222.0,1.0,0.0,434
2024-12-03 19:00:00,62.0,0.8133333333333334,62.0,0.0,0.0,435
2024-12-03 20:00:00,116.0,0.7833333333333333,111.0,5.0,0.0,436
2024-12-03 21:00:00,223.0,1.41,221.0,2.0,0.0,437
2024-12-03 22:00:00,320.0,2.235,315.0,5.0,0.0,438
2024-12-03 23:00:00,311.0,2.8975,305.0,6.0,0.0,439
2024-12-04 00:00:00,245.0,2.39,245.0,0.0,0.0,440
2024-12-04 01:00:00,52.0,0.7055555555555556,51.0,1.0,0.0,441
2024-12-04 02:00:00,152.0,1.3763888888888889,149.0,3.0,0.0,442
2024-12-04 03:00:00,138.0,1.211111111111111,135.0,3.0,0.0,443
2024-12-04 04:00:00,68.0,0.63,68.0,0.0,0.0,444
2024-12-04 05:00:00,13.0,0.09611111111111112,13.0,0.0,0.0,445
2024-12-04 06:00:00,17.0,0.3025,17.0,0.0,0.0,446
2024-12-04 07:00:00,11.0,0.15194444444444444,11.0,0.0,0.0,447
2024-12-04 08:00:00,28.0,0.24027777777777778,28.0,0.0,0.0,448
2024-12-04 09:00:00,0.0,0.0,0.0,0.0,0.0,449
2024-12-04 10:00:00,0.0,0.0,0.0,0.0,0.0,450
2024-12-04 11:00:00,0.0,0.0,0.0,0.0,0.0,451
2024-12-04 12:00:00,0.0,0.0,0.0,0.0,0.0,452
2024-12-04 13:00:00,0.0,0.0,0.0,0.0,0.0,453
2024-12-04 14:00:00,0.0,0.0,0.0,0.0,0.0,454
2024-12-04 15:00:00,0.0,0.0,0.0,0.0,0.0,455
2024-12-04 16:00:00,28.0,0.26611111111111113,28.0,0.0,0.0,456
2024-12-04 17:00:00,253.0,2.2019444444444445,251.0,2.0,0.0,457
2024-12-04 18:00:00,308.0,3.171388888888889,305.0,3.0,0.0,458
2024-12-04 19:00:00,114.0,1.4797222222222222,111.0,3.0,0.0,459
2024-12-04 20:00:00,73.0,0.7633333333333333,73.0,0.0,0.0,460
2024-12-04 21:00:00,241.0,2.9069444444444446,239.0,2.0,0.0,461
2024-12-04 22:00:00,212.0,2.233611111111111,211.0,1.0,0.0,462
2024-12-04 23:00:00,293.0,2.781388888888889,290.0,3.0,0.0,463
2024-12-05 00:00:00,298.0,2.292777777777778,295.0,2.0,1.0,464
2024-12-05 01:00:00,119.0,1.1952777777777779,119.0,0.0,0.0,465
2024-12-05 02:00:00,156.0,1.955,150.0,6.0,0.0,466
2024-12-05 03:00:00,190.0,2.183611111111111,182.0,8.0,0.0,467
2024-12-05 04:00:00,101.0,1.2969444444444445,99.0,2.0,0.0,468
2024-12-05 05:00:00,33.0,0.46194444444444444,31.0,2.0,0.0,469
2024-12-05 06:00:00,28.0,0.3547222222222222,28.0,0.0,0.0,470
2024-12-05 07:00:00,15.0,0.09833333333333333,15.0,0.0,0.0,471
2024-12-05 08:00:00,4.0,0.05638888888888889,4.0,0.0,0.0,472
2024-12-05 09:00:00,0.0,0.0,0.0,0.0,0.0,473
2024-12-05 10:00:00,0.0,0.0,0.0,0.0,0.0,474
2024-12-05 11:00:00,0.0,0.0,0.0,0.0,0.0,475
2024-12-05 12:00:00,0.0,0.0,0.0,0.0,0.0,476
2024-12-05 13:00:00,0.0,0.0,0.0,0.0,0.0,477
2024-12-05 14:00:00,0.0,0.0,0.0,0.0,0.0,478
2024-12-05 15:00:00,0.0,0.0,0.0,0.0,0.0,479
2024-12-05 16:00:00,72.0,0.5694444444444444,69.0,3.0,0.0,480
2024-12-05 17:00:00,210.0,2.24,208.0,2.0,0.0,481
2024-12-05 18:00:00,236.0,2.426111111111111,236.0,0.0,0.0,482
2024-12-05 19:00:00,28.0,0.23666666666666666,28.0,0.0,0.0,483
2024-12-05 20:00:00,60.0,0.4216666666666667,60.0,0.0,0.0,484
2024-12-05 21:00:00,332.0,2.705,326.0,6.0,0.0,485
2024-12-05 22:00:00,287.0,2.1980555555555554,285.0,2.0,0.0,486
2024-12-05 23:00:00,339.0,2.6286111111111112,339.0,0.0,0.0,487
2024-12-06 00:00:00,436.0,2.5411111111111113,435.0,1.0,0.0,488
2024-12-06 01:00:00,109.0,0.7433333333333333,106.0,3.0,0.0,489
2024-12-06 02:00:00,42.0,0.26694444444444443,42.0,0.0,0.0,490
2024-12-06 03:00:00,23.0,0.15194444444444444,23.0,0.0,0.0,491
2024-12-06 04:00:00,24.0,0.14083333333333334,24.0,0.0,0.0,492
2024-12-06 05:00:00,3.0,0.03666666666666667,3.0,0.0,0.0,493
2024-12-06 06:00:00,12.0,0.08555555555555555,11.0,1.0,0.0,494
2024-12-06 07:00:00,8.0,0.04166666666666667,8.0,0.0,0.0,495
2024-12-06 08:00:00,0.0,0.0,0.0,0.0,0.0,496
2024-12-06 09:00:00,1.0,0.005833333333333334,1.0,0.0,0.0,497
2024-12-06 10:00:00,0.0,0.0,0.0,0.0,0.0,498
2024-12-06 11:00:00,0.0,0.0,0.0,0.0,0.0,499
2024-12-06 12:00:00,0.0,0.0,0.0,0.0,0.0,500
2024-12-06 13:00:00,0.0,0.0,0.0,0.0,0.0,501
2024-12-06 14:00:00,0.0,0.0,0.0,0.0,0.0,502
2024-12-06 15:00:00,0.0,0.0,0.0,0.0,0.0,503
2024-12-06 16:00:00,1.0,0.009444444444444445,1.0,0.0,0.0,504
2024-12-06 17:00:00,8.0,0.0625,8.0,0.0,0.0,505
2024-12-06 18:00:00,38.0,0.22444444444444445,38.0,0.0,0.0,506
2024-12-06 19:00:00,37.0,0.22722222222222221,37.0,0.0,0.0,507
2024-12-06 20:00:00,54.0,0.3055555555555556,46.0,8.0,0.0,508
2024-12-06 21:00:00,32.0,0.21916666666666668,31.0,1.0,0.0,509
2024-12-06 22:00:00,47.0,0.2733333333333333,43.0,4.0,0.0,510
2024-12-06 23:00:00,35.0,0.25277777777777777,35.0,0.0,0.0,511
2024-12-07 00:00:00,68.0,0.41694444444444445,67.0,1.0,0.0,512
2024-12-07 01:00:00,61.0,0.7002777777777778,61.0,0.0,0.0,513
2024-12-07 02:00:00,46.0,0.5675,46.0,0.0,0.0,514
2024-12-07 03:00:00,56.0,0.5255555555555556,54.0,2.0,0.0,515
2024-12-07 04:00:00,10.0,0.06638888888888889,10.0,0.0,0.0,516
2024-12-07 05:00:00,26.0,0.15805555555555556,26.0,0.0,0.0,517
2024-12-07 06:00:00,13.0,0.08972222222222223,13.0,0.0,0.0,518
2024-12-07 07:00:00,17.0,0.14277777777777778,17.0,0.0,0.0,519
2024-12-07 08:00:00,9.0,0.041944444444444444,9.0,0.0,0.0,520
2024-12-07 09:00:00,4.0,0.019166666666666665,4.0,0.0,0.0,521
2024-12-07 10:00:00,3.0,0.014166666666666668,3.0,0.0,0.0,522
2024-12-07 11:00:00,0.0,0.0,0.0,0.0,0.0,523
2024-12-07 12:00:00,0.0,0.0,0.0,0.0,0.0,524
2024-12-07 13:00:00,0.0,0.0,0.0,0.0,0.0,525
2024-12-07 14:00:00,0.0,0.0,0.0,0.0,0.0,526
2024-12-07 15:00:00,0.0,0.0,0.0,0.0,0.0,527
2024-12-07 16:00:00,6.0,0.0675,6.0,0.0,0.0,528
2024-12-07 17:00:00,3.0,0.042777777777777776,3.0,0.0,0.0,529
2024-12-07 18:00:00,5.0,0.06194444444444444,5.0,0.0,0.0,530
2024-12-07 19:00:00,5.0,0.04638888888888889,5.0,0.0,0.0,531
2024-12-07 20:00:00,13.0,0.10500000000000001,13.0,0.0,0.0,532
2024-12-07 21:00:00,36.0,0.22611111111111112,36.0,0.0,0.0,533
2024-12-07 22:00:00,17.0,0.10916666666666668,17.0,0.0,0.0,534
2024-12-07 23:00:00,2.0,0.026388888888888892,2.0,0.0,0.0,535
2024-12-08 00:00:00,8.0,0.04638888888888889,8.0,0.0,0.0,536
2024-12-08 01:00:00,1.0,0.004166666666666667,1.0,0.0,0.0,537
2024-12-08 02:00:00,28.0,0.19805555555555557,28.0,0.0,0.0,538
2024-12-08 03:00:00,15.0,0.1,15.0,0.0,0.0,539
2024-12-08 04:00:00,40.0,0.25194444444444447,40.0,0.0,0.0,540
2024-12-08 05:00:00,28.0,0.2175,28.0,0.0,0.0,541
2024-12-08 06:00:00,14.0,0.12194444444444444,14.0,0.0,0.0,542
2024-12-08 07:00:00,3.0,0.009722222222222222,3.0,0.0,0.0,543
2024-12-08 08:00:00,3.0,0.013055555555555556,3.0,0.0,0.0,544
2024-12-08 09:00:00,0.0,0.0,0.0,0.0,0.0,545
2024-12-08 10:00:00,8.0,0.03777777777777778,8.0,0.0,0.0,546
2024-12-08 11:00:00,0.0,0.0,0.0,0.0,0.0,547
2024-12-08 12:00:00,0.0,0.0,0.0,0.0,0.0,548
2024-12-08 13:00:00,1.0,0.0077777777777777776,1.0,0.0,0.0,549
2024-12-08 14:00:00,0.0,0.0,0.0,0.0,0.0,550
2024-12-08 15:00:00,0.0,0.0,0.0,0.0,0.0,551
2024-12-08 16:00:00,37.0,0.3730555555555556,37.0,0.0,0.0,552
2024-12-08 17:00:00,72.0,0.6455555555555555,70.0,0.0,2.0,553
